PA0001	PA14_00010
PA0002	PA14_00020
PA0003	PA14_00030
PA0004	PA14_00050
PA0005	PA14_00060
PA0006	PA14_00070
PA0007	PA14_00080
PA0008	PA14_00090
PA0009	PA14_00100
PA0010	PA14_00110
PA0011	PA14_00120
PA0012	PA14_00130
PA0013	PA14_00140
PA0014	PA14_00150
PA0015	PA14_00160
PA0016	PA14_00170
PA0017	PA14_00180
PA0018	PA14_00190
PA0019	PA14_00200
PA0020	PA14_00210
PA0021	PA14_00230
PA0022	PA14_00240
PA0023	PA14_00250
PA0024	PA14_00280
PA0025	PA14_00290
PA0026	PA14_00300
PA0027	PA14_00310
PA0028	PA14_00320
PA0029	PA14_00340
PA0030	PA14_00360
PA0031	PA14_00380
PA0032	PA14_00400
PA0033	PA14_00420
PA0034	PA14_00430
PA0035	PA14_00440
PA0036	PA14_00450
PA0037	PA14_00460
PA0038	PA14_00470
PA0039	PA14_00480
PA0040	PA14_00490
PA0041	PA14_00510
PA0042	PA14_00530
PA0043	PA14_00550
PA0044	PA14_00560
PA0045	PA14_00570
PA0046	PA14_00580
PA0047	PA14_00590
PA0048	PA14_00600
PA0049	PA14_00620
PA0050	PA14_00630
PA0051	PA14_00640
PA0052	PA14_00650
PA0054	PA14_00660
PA0055	PA14_00670
PA0056	PA14_00680
PA0057	PA14_00690
PA0058	PA14_00700
PA0059	PA14_00710
PA0060	PA14_00720
PA0061	PA14_00730
PA0062	PA14_00740
PA0063	PA14_00750
PA0064	PA14_00760
PA0065	PA14_00770
PA0066	PA14_00780
PA0067	PA14_00790
PA0068	PA14_00800
PA0069	PA14_00810
PA0070	PA14_00820
PA0071	PA14_00830
PA0072	PA14_00850
PA0073	PA14_00860
PA0074	PA14_00875
PA0075	PA14_00890
PA0076	PA14_00900
PA0077	PA14_00910
PA0078	PA14_00925
PA0079	PA14_00940
PA0080	PA14_00960
PA0081	PA14_00980
PA0082	PA14_00990
PA0083	PA14_01010
PA0084	PA14_01020
PA0085	PA14_01030
PA0086	PA14_01040
PA0087	PA14_01060
PA0088	PA14_01070
PA0089	PA14_01080
PA0090	PA14_01100
PA0091	PA14_01110
PA0092	PA14_01120
PA0093	PA14_01140
PA0094	PA14_01150
PA0096	PA14_01170
PA0097	PA14_01180
PA0098	PA14_01190
PA0099	PA14_01200
PA0101	PA14_01230
PA0102	PA14_01240
PA0103	PA14_01250
PA0104	PA14_01270
PA0105	PA14_01290
PA0106	PA14_01300
PA0107	PA14_01310
PA0108	PA14_01320
PA0109	PA14_01330
PA0110	PA14_01340
PA0111	PA14_01350
PA0112	PA14_01360
PA0113	PA14_01380
PA0114	PA14_01390
PA0115	PA14_01400
PA0116	PA14_01410
PA0117	PA14_01430
PA0118	PA14_01440
PA0119	PA14_01460
PA0120	PA14_01470
PA0121	PA14_01480
PA0122	PA14_01490
PA0123	PA14_01500
PA0124	PA14_01510
PA0125	PA14_01520
PA0126	PA14_01540
PA0127	PA14_01550
PA0128	PA14_01560
PA0129	PA14_01580
PA0130	PA14_01600
PA0131	PA14_01610
PA0132	PA14_01620
PA0133	PA14_01640
PA0134	PA14_01660
PA0136	PA14_01670
PA0137	PA14_01680
PA0138	PA14_01690
PA0139	PA14_01710
PA0140	PA14_01720
PA0141	PA14_01730
PA0142	PA14_01750
PA0143	PA14_01760
PA0144	PA14_01780
PA0145	PA14_01790
PA0146	PA14_01800
PA0147	PA14_01810
PA0148	PA14_01830
PA0149	PA14_01840
PA0150	PA14_01860
PA0151	PA14_01870
PA0152	PA14_01890
PA0153	PA14_01900
PA0154	PA14_01910
PA0155	PA14_01930
PA0156	PA14_01940
PA0157	PA14_01960
PA0158	PA14_01970
PA0159	PA14_01980
PA0160	PA14_01990
PA0161	PA14_02010
PA0162	PA14_02020
PA0163	PA14_02030
PA0164	PA14_02050
PA0165	PA14_02060
PA0166	PA14_02070
PA0167	PA14_02090
PA0168	PA14_02100
PA0169	PA14_02110
PA0170	PA14_02130
PA0171	PA14_02140
PA0172	PA14_02150
PA0173	PA14_02180
PA0174	PA14_02190
PA0175	PA14_02200
PA0176	PA14_02220
PA0177	PA14_02230
PA0178	PA14_02250
PA0179	PA14_02260
PA0180	PA14_02270
PA0181	PA14_02290
PA0182	PA14_02300
PA0183	PA14_02310
PA0184	PA14_02330
PA0185	PA14_02340
PA0186	PA14_02360
PA0189	PA14_02370
PA0190	PA14_02380
PA0191	PA14_02390
PA0192	PA14_02410
PA0193	PA14_02420
PA0194	PA14_02435
PA0195	PA14_02450
PA0195.1	PA14_02460
PA0196	PA14_02470
PA0197	PA14_02490
PA0198	PA14_02500
PA0199	PA14_02510
PA0200	PA14_02520
PA0201	PA14_02530
PA0208	PA14_02550
PA0209	PA14_02560
PA0210	PA14_02570
PA0211	PA14_02580
PA0212	PA14_02590
PA0213	PA14_02610
PA0214	PA14_02620
PA0215	PA14_02630
PA0216	PA14_02640
PA0217	PA14_02650
PA0218	PA14_02660
PA0219	PA14_02680
PA0220	PA14_02690
PA0221	PA14_02700
PA0222	PA14_02720
PA0223	PA14_02730
PA0224	PA14_02740
PA0225	PA14_02750
PA0226	PA14_02760
PA0227	PA14_02770
PA0228	PA14_02790
PA0229	PA14_02810
PA0230	PA14_02830
PA0231	PA14_02840
PA0232	PA14_02850
PA0233	PA14_02870
PA0234	PA14_02890
PA0235	PA14_02900
PA0236	PA14_02910
PA0237	PA14_02930
PA0238	PA14_02960
PA0239	PA14_02970
PA0240	PA14_02980
PA0241	PA14_02990
PA0242	PA14_03000
PA0243	PA14_03010
PA0244	PA14_03020
PA0245	PA14_03030
PA0246	PA14_03040
PA0247	PA14_03050
PA0248	PA14_03070
PA0249	PA14_03080
PA0250	PA14_03090
PA0251	PA14_03100
PA0252	PA14_03110
PA0253	PA14_03120
PA0254	PA14_03130
PA0255	PA14_03150
PA0256	PA14_03160
PA0259	PA14_03190
PA0260	PA14_03200
PA0261	PA14_03210
PA0262	PA14_03220
PA0263	PA14_03240
PA0263	PA14_43070
PA0263	PA14_44890
PA0263	PA14_69560
PA0264	PA14_03420
PA0265	PA14_03430
PA0266	PA14_03450
PA0267	PA14_03470
PA0268	PA14_03480
PA0269	PA14_03490
PA0270	PA14_03510
PA0271	PA14_03520
PA0272	PA14_03530
PA0273	PA14_03550
PA0274	PA14_03560
PA0275	PA14_03580
PA0276	PA14_03590
PA0277	PA14_03610
PA0278	PA14_03620
PA0279	PA14_03630
PA0280	PA14_03650
PA0281	PA14_03670
PA0282	PA14_03680
PA0283	PA14_03700
PA0284	PA14_03710
PA0285	PA14_03720
PA0286	PA14_03730
PA0287	PA14_03760
PA0288	PA14_03770
PA0289	PA14_03780
PA0290	PA14_03790
PA0291	PA14_03800
PA0292	PA14_03810
PA0293	PA14_03830
PA0294	PA14_03840
PA0295	PA14_03855
PA0296	PA14_03860
PA0297	PA14_03870
PA0298	PA14_03880
PA0299	PA14_03900
PA0300	PA14_03920
PA0301	PA14_03930
PA0302	PA14_03940
PA0303	PA14_03950
PA0304	PA14_03960
PA0305	PA14_03980
PA0306	PA14_04000
PA0307	PA14_04020
PA0308	PA14_04030
PA0309	PA14_04040
PA0310	PA14_04050
PA0311	PA14_04060
PA0312	PA14_04070
PA0313	PA14_04080
PA0314	PA14_04090
PA0315	PA14_04100
PA0316	PA14_04110
PA0317	PA14_04140
PA0318	PA14_04150
PA0319	PA14_04160
PA0320	PA14_04180
PA0321	PA14_04190
PA0322	PA14_04210
PA0323	PA14_04220
PA0324	PA14_04230
PA0325	PA14_04240
PA0326	PA14_04250
PA0327	PA14_04270
PA0328	PA14_04290
PA0329	PA14_04300
PA0330	PA14_04310
PA0331	PA14_04320
PA0332	PA14_04330
PA0333	PA14_04340
PA0334	PA14_04370
PA0335	PA14_04380
PA0336	PA14_04390
PA0337	PA14_04410
PA0338	PA14_04420
PA0339	PA14_04430
PA0340	PA14_04440
PA0341	PA14_04460
PA0342	PA14_04480
PA0343	PA14_04490
PA0344	PA14_04510
PA0345	PA14_04520
PA0346	PA14_04530
PA0347	PA14_04550
PA0348	PA14_04560
PA0349	PA14_04570
PA0350	PA14_04580
PA0351	PA14_04590
PA0352	PA14_04610
PA0353	PA14_04630
PA0354	PA14_04640
PA0355	PA14_04650
PA0356	PA14_04660
PA0357	PA14_04670
PA0358	PA14_04680
PA0359	PA14_04690
PA0360	PA14_04700
PA0361	PA14_04730
PA0362	PA14_04750
PA0363	PA14_04760
PA0364	PA14_04780
PA0365	PA14_04790
PA0366	PA14_04810
PA0367	PA14_04820
PA0368	PA14_04840
PA0369	PA14_04850
PA0370	PA14_04860
PA0371	PA14_04870
PA0372	PA14_04890
PA0373	PA14_04900
PA0374	PA14_04910
PA0375	PA14_04920
PA0376	PA14_04930
PA0377	PA14_04940
PA0378	PA14_04950
PA0379	PA14_04960
PA0380	PA14_04970
PA0381	PA14_04980
PA0382	PA14_05000
PA0383	PA14_05010
PA0384	PA14_05020
PA0385	PA14_05030
PA0386	PA14_05040
PA0387	PA14_05050
PA0388	PA14_05060
PA0389	PA14_05070
PA0390	PA14_05080
PA0391	PA14_05110
PA0392	PA14_05130
PA0393	PA14_05150
PA0394	PA14_05160
PA0395	PA14_05180
PA0396	PA14_05190
PA0397	PA14_05200
PA0398	PA14_05210
PA0399	PA14_05220
PA0400	PA14_05230
PA0401	PA14_05250
PA0402	PA14_05260
PA0403	PA14_05270
PA0404	PA14_05280
PA0405	PA14_05290
PA0406	PA14_05300
PA0407	PA14_05310
PA0408	PA14_05320
PA0409	PA14_05330
PA0410	PA14_05340
PA0411	PA14_05360
PA0412	PA14_05380
PA0413	PA14_05390
PA0414	PA14_05400
PA0415	PA14_05410
PA0416	PA14_05420
PA0417	PA14_05430
PA0418	PA14_05440
PA0419	PA14_05450
PA0420	PA14_05460
PA0421	PA14_05480
PA0422	PA14_05500
PA0423	PA14_05510
PA0424	PA14_05520
PA0425	PA14_05530
PA0426	PA14_05540
PA0427	PA14_05550
PA0428	PA14_05560
PA0429	PA14_05580
PA0430	PA14_05590
PA0431	PA14_05600
PA0432	PA14_05620
PA0433	PA14_05630
PA0434	PA14_05640
PA0435	PA14_05650
PA0436	PA14_05660
PA0437	PA14_05690
PA0438	PA14_05700
PA0439	PA14_05740
PA0440	PA14_05750
PA0441	PA14_05770
PA0442	PA14_05775
PA0443	PA14_05790
PA0444	PA14_05810
PA0446	PA14_05820
PA0447	PA14_05840
PA0448	PA14_05850
PA0449	PA14_05860
PA0450	PA14_05870
PA0451	PA14_05880
PA0452	PA14_05890
PA0454	PA14_05920
PA0455	PA14_05950
PA0456	PA14_05960
PA0457	PA14_05970
PA0458	PA14_05990
PA0459	PA14_06000
PA0460	PA14_06010
PA0461	PA14_06030
PA0462	PA14_06040
PA0463	PA14_06060
PA0464	PA14_06070
PA0465	PA14_06080
PA0466	PA14_06090
PA0467	PA14_06120
PA0468	PA14_06130
PA0469	PA14_06150
PA0470	PA14_06160
PA0471	PA14_06170
PA0472	PA14_06180
PA0473	PA14_06190
PA0474	PA14_06200
PA0475	PA14_06210
PA0476	PA14_06230
PA0477	PA14_06240
PA0478	PA14_06250
PA0479	PA14_06260
PA0480	PA14_06270
PA0481	PA14_06280
PA0482	PA14_06290
PA0483	PA14_06300
PA0484	PA14_06310
PA0485	PA14_06320
PA0486	PA14_06330
PA0487	PA14_06340
PA0488	PA14_06350
PA0489	PA14_06360
PA0490	PA14_06390
PA0491	PA14_06400
PA0492	PA14_06420
PA0493	PA14_06430
PA0494	PA14_06450
PA0495	PA14_06460
PA0496	PA14_06480
PA0500	PA14_06500
PA0501	PA14_06510
PA0502	PA14_06530
PA0503	PA14_06540
PA0504	PA14_06570
PA0505	PA14_06580
PA0506	PA14_06600
PA0507	PA14_06620
PA0508	PA14_06640
PA0509	PA14_06650
PA0510	PA14_06660
PA0511	PA14_06670
PA0512	PA14_06680
PA0513	PA14_06690
PA0514	PA14_06700
PA0515	PA14_06710
PA0516	PA14_06720
PA0517	PA14_06730
PA0518	PA14_06740
PA0519	PA14_06750
PA0520	PA14_06770
PA0521	PA14_06790
PA0522	PA14_06800
PA0523	PA14_06810
PA0524	PA14_06830
PA0525	PA14_06840
PA0526	PA14_06860
PA0527	PA14_06870
PA0528	PA14_06880
PA0529	PA14_06890
PA0530	PA14_06920
PA0531	PA14_06930
PA0532	PA14_06940
PA0533	PA14_06950
PA0534	PA14_06960
PA0535	PA14_06970
PA0536	PA14_06980
PA0537	PA14_06990
PA0538	PA14_07000
PA0539	PA14_07010
PA0540	PA14_07020
PA0541	PA14_07030
PA0542	PA14_07040
PA0543	PA14_07050
PA0544	PA14_07060
PA0545	PA14_07070
PA0546	PA14_07090
PA0547	PA14_07110
PA0548	PA14_07130
PA0549	PA14_07140
PA0550	PA14_07150
PA0551	PA14_07170
PA0552	PA14_07190
PA0553	PA14_07200
PA0554	PA14_07210
PA0555	PA14_07230
PA0556	PA14_07240
PA0557	PA14_07250
PA0558	PA14_07260
PA0559	PA14_07280
PA0560	PA14_07290
PA0561	PA14_07300
PA0562	PA14_07310
PA0563	PA14_07330
PA0564	PA14_07340
PA0565	PA14_07355
PA0566	PA14_07360
PA0567	PA14_07370
PA0568	PA14_07380
PA0569	PA14_07400
PA0570	PA14_07410
PA0571	PA14_07420
PA0572	PA14_07430
PA0573	PA14_07440
PA0574	PA14_07450
PA0575	PA14_07500
PA0576	PA14_07520
PA0577	PA14_07530
PA0578	PA14_07550
PA0579	PA14_07560
PA0580	PA14_07570
PA0581	PA14_07580
PA0582	PA14_07590
PA0583	PA14_07600
PA0584	PA14_07620
PA0585	PA14_07630
PA0586	PA14_07650
PA0587	PA14_07660
PA0588	PA14_07680
PA0589	PA14_07690
PA0590	PA14_07700
PA0591	PA14_07710
PA0592	PA14_07730
PA0593	PA14_07740
PA0594	PA14_07760
PA0595	PA14_07770
PA0596	PA14_07780
PA0597	PA14_07790
PA0598	PA14_07800
PA0599	PA14_07810
PA0600	PA14_07820
PA0601	PA14_07840
PA0602	PA14_07850
PA0603	PA14_07860
PA0604	PA14_07870
PA0605	PA14_07890
PA0606	PA14_07900
PA0607	PA14_07910
PA0608	PA14_07930
PA0609	PA14_07940
PA0610	PA14_07950
PA0611	PA14_07960
PA0612	PA14_07970
PA0613	PA14_07980
PA0614	PA14_07990
PA0615	PA14_08000
PA0616	PA14_08010
PA0617	PA14_08020
PA0618	PA14_08030
PA0619	PA14_08040
PA0620	PA14_08050
PA0621	PA14_08060
PA0622	PA14_08070
PA0623	PA14_08090
PA0624	PA14_08100
PA0625	PA14_08120
PA0626	PA14_08130
PA0627	PA14_08140
PA0628	PA14_08150
PA0629	PA14_08160
PA0630	PA14_08180
PA0631	PA14_08190
PA0632	PA14_08200
PA0633	PA14_08210
PA0634	PA14_08220
PA0635	PA14_08230
PA0636	PA14_08240
PA0637	PA14_08250
PA0638	PA14_08260
PA0639	PA14_08270
PA0640	PA14_08280
PA0641	PA14_08300
PA0646	PA14_08310
PA0647	PA14_08320
PA0648	PA14_08330
PA0649	PA14_08340
PA0650	PA14_08350
PA0651	PA14_08360
PA0652	PA14_08370
PA0653	PA14_08380
PA0654	PA14_08390
PA0655	PA14_08400
PA0656	PA14_08420
PA0657	PA14_08430
PA0658	PA14_08440
PA0659	PA14_08450
PA0660	PA14_08460
PA0661	PA14_08470
PA0662	PA14_08480
PA0663	PA14_08490
PA0664	PA14_08500
PA0665	PA14_08510
PA0666	PA14_08520
PA0667	PA14_08540
PA0668	PA14_08560
PA0669	PA14_55610
PA0670	PA14_55600
PA0671	PA14_55590
PA0672	PA14_55580
PA0673	PA14_55570
PA0674	PA14_55560
PA0675	PA14_55550
PA0676	PA14_55540
PA0677	PA14_55530
PA0678	PA14_55520
PA0679	PA14_55510
PA0680	PA14_55500
PA0681	PA14_55490
PA0682	PA14_55480
PA0683	PA14_55470
PA0684	PA14_55460
PA0685	PA14_55450
PA0686	PA14_55440
PA0687	PA14_55430
PA0688	PA14_55410
PA0690	PA14_55400
PA0691	PA14_55390
PA0692	PA14_55380
PA0693	PA14_55360
PA0694	PA14_55340
PA0695	PA14_55330
PA0696	PA14_55320
PA0697	PA14_55300
PA0698	PA14_55290
PA0699	PA14_55280
PA0700	PA14_55260
PA0701	PA14_55250
PA0702	PA14_55230
PA0703	PA14_55220
PA0704	PA14_55200
PA0705	PA14_55180
PA0706	PA14_55170
PA0707	PA14_55160
PA0708	PA14_55150
PA0709	PA14_55140
PA0710	PA14_55130
PA0711	PA14_55117
PA0713	PA14_55110
PA0714	PA14_55100
PA0717	PA14_49000
PA0718	PA14_48990
PA0719	PA14_48980
PA0720	PA14_48970
PA0721	PA14_48960
PA0722	PA14_48950
PA0723	PA14_48940
PA0724	PA14_48930
PA0725	PA14_48920
PA0726	PA14_48910
PA0727	PA14_48890
PA0728	PA14_48880
PA0730	PA14_54830
PA0731	PA14_54820
PA0732	PA14_54810
PA0733	PA14_54800
PA0734	PA14_54790
PA0735	PA14_54770
PA0736	PA14_54760
PA0737	PA14_54740
PA0738	PA14_54730
PA0739	PA14_54710
PA0740	PA14_54700
PA0741	PA14_54690
PA0742	PA14_54680
PA0743	PA14_54670
PA0744	PA14_54660
PA0745	PA14_54640
PA0746	PA14_54630
PA0747	PA14_54620
PA0749	PA14_54600
PA0750	PA14_54590
PA0751	PA14_54580
PA0752	PA14_54570
PA0753	PA14_54550
PA0754	PA14_54540
PA0755	PA14_54520
PA0756	PA14_54510
PA0757	PA14_54500
PA0758	PA14_54490
PA0759	PA14_54480
PA0760	PA14_54470
PA0761	PA14_54450
PA0762	PA14_54430
PA0763	PA14_54420
PA0764	PA14_54410
PA0765	PA14_54400
PA0766	PA14_54390
PA0767	PA14_54370
PA0768	PA14_54350
PA0769	PA14_54340
PA0770	PA14_54330
PA0771	PA14_54320
PA0772	PA14_54300
PA0773	PA14_54290
PA0774	PA14_54270
PA0775	PA14_54260
PA0776	PA14_54240
PA0777	PA14_54230
PA0778	PA14_54220
PA0779	PA14_54210
PA0780	PA14_54190
PA0781	PA14_54180
PA0782	PA14_54170
PA0783	PA14_54150
PA0784	PA14_54130
PA0785	PA14_54120
PA0786	PA14_54110
PA0787	PA14_54090
PA0788	PA14_54080
PA0789	PA14_54040
PA0790	PA14_54030
PA0791	PA14_54010
PA0792	PA14_54000
PA0793	PA14_53980
PA0794	PA14_53970
PA0795	PA14_53950
PA0796	PA14_53940
PA0797	PA14_53920
PA0798	PA14_53910
PA0799	PA14_53900
PA0800	PA14_53890
PA0801	PA14_53880
PA0802	PA14_53870
PA0803	PA14_53860
PA0804	PA14_53850
PA0805	PA14_53840
PA0806	PA14_53830
PA0807	PA14_53820
PA0808	PA14_53810
PA0809	PA14_53800
PA0810	PA14_53790
PA0811	PA14_53780
PA0812	PA14_53770
PA0813	PA14_53750
PA0814	PA14_53740
PA0815	PA14_53730
PA0816	PA14_53720
PA0817	PA14_53700
PA0818	PA14_53690
PA0820	PA14_53670
PA0821	PA14_53660
PA0822	PA14_53650
PA0824	PA14_53640
PA0825	PA14_53630
PA0826	PA14_53620
PA0827	PA14_53560
PA0828	PA14_53550
PA0829	PA14_53540
PA0830	PA14_53530
PA0831	PA14_53520
PA0832	PA14_53510
PA0833	PA14_53500
PA0834	PA14_53490
PA0835	PA14_53480
PA0836	PA14_53470
PA0837	PA14_53430
PA0838	PA14_53420
PA0839	PA14_53410
PA0840	PA14_53400
PA0841	PA14_53390
PA0842	PA14_53380
PA0843	PA14_53370
PA0844	PA14_53360
PA0845	PA14_53340
PA0846	PA14_53330
PA0847	PA14_53310
PA0848	PA14_53300
PA0849	PA14_53290
PA0850	PA14_53270
PA0851	PA14_53260
PA0852	PA14_53250
PA0853	PA14_53230
PA0854	PA14_53220
PA0855	PA14_53210
PA0856	PA14_53200
PA0857	PA14_53190
PA0858	PA14_53180
PA0859	PA14_53160
PA0860	PA14_53150
PA0861	PA14_53140
PA0862	PA14_53120
PA0863	PA14_53110
PA0864	PA14_53090
PA0865	PA14_53070
PA0866	PA14_53050
PA0867	PA14_53040
PA0868	PA14_53030
PA0869	PA14_53020
PA0870	PA14_53010
PA0871	PA14_53000
PA0872	PA14_52990
PA0873	PA14_52980
PA0874	PA14_52960
PA0875	PA14_52940
PA0876	PA14_52930
PA0877	PA14_52920
PA0878	PA14_52910
PA0879	PA14_52900
PA0880	PA14_52890
PA0881	PA14_52880
PA0882	PA14_52870
PA0883	PA14_52850
PA0884	PA14_52840
PA0885	PA14_52820
PA0886	PA14_52810
PA0887	PA14_52800
PA0888	PA14_52790
PA0889	PA14_52780
PA0890	PA14_52770
PA0891	PA14_52760
PA0892	PA14_52750
PA0893	PA14_52740
PA0894	PA14_52730
PA0895	PA14_52720
PA0896	PA14_52700
PA0897	PA14_52690
PA0898	PA14_52670
PA0899	PA14_52660
PA0900	PA14_52640
PA0901	PA14_52630
PA0902	PA14_52610
PA0903	PA14_52600
PA0904	PA14_52580
PA0905	PA14_52570
PA0906	PA14_52530
PA0907	PA14_52520
PA0908	PA14_52510
PA0909	PA14_52500
PA0910	PA14_52490
PA0911	PA14_52480
PA0912	PA14_52465
PA0913	PA14_52460
PA0914	PA14_52440
PA0915	PA14_52430
PA0916	PA14_52420
PA0917	PA14_52400
PA0918	PA14_52380
PA0919	PA14_52370
PA0920	PA14_52350
PA0921	PA14_52340
PA0922	PA14_52330
PA0923	PA14_52310
PA0924	PA14_52300
PA0925	PA14_52290
PA0926	PA14_52280
PA0927	PA14_52270
PA0928	PA14_52260
PA0929	PA14_52250
PA0930	PA14_52240
PA0931	PA14_52230
PA0932	PA14_52210
PA0933	PA14_52190
PA0934	PA14_52180
PA0935	PA14_52160
PA0936	PA14_52150
PA0937	PA14_52140
PA0938	PA14_52130
PA0939	PA14_52110
PA0940	PA14_52090
PA0941	PA14_52080
PA0942	PA14_52070
PA0943	PA14_52060
PA0944	PA14_52050
PA0945	PA14_52040
PA0946	PA14_52020
PA0947	PA14_52010
PA0948	PA14_52000
PA0949	PA14_51990
PA0950	PA14_51980
PA0951	PA14_51960
PA0952	PA14_51940
PA0953	PA14_51930
PA0954	PA14_51920
PA0955	PA14_51910
PA0956	PA14_51900
PA0957	PA14_51890
PA0958	PA14_51880
PA0959	PA14_51860
PA0960	PA14_51850
PA0961	PA14_51840
PA0962	PA14_51830
PA0963	PA14_51820
PA0964	PA14_51810
PA0965	PA14_51800
PA0966	PA14_51790
PA0967	PA14_51780
PA0968	PA14_51770
PA0969	PA14_51750
PA0970	PA14_51740
PA0971	PA14_51730
PA0972	PA14_51720
PA0973	PA14_51710
PA0974	PA14_51690
PA0975	PA14_51680
PA0976	PA14_51670
PA0978	PA14_51630
PA0979	PA14_51620
PA0980	PA14_51610
PA0981	PA14_51600
PA0982	PA14_59960
PA0984	PA14_59230
PA0985	PA14_59220
PA0986	PA14_03180
PA0987	PA14_03170
PA0988	PA14_51510
PA0989	PA14_51500
PA0990	PA14_51490
PA0991	PA14_51480
PA0992	PA14_51470
PA0993	PA14_51460
PA0994	PA14_51450
PA0995	PA14_51440
PA0996	PA14_51430
PA0997	PA14_51420
PA0998	PA14_51410
PA0999	PA14_51390
PA1000	PA14_51380
PA1001	PA14_51360
PA1002	PA14_51350
PA1003	PA14_51340
PA1004	PA14_51330
PA1005	PA14_51320
PA1006	PA14_51310
PA1007	PA14_51300
PA1008	PA14_51290
PA1009	PA14_51280
PA1010	PA14_51270
PA1011	PA14_51260
PA1012	PA14_51250
PA1013	PA14_51240
PA1014	PA14_51220
PA1015	PA14_51205
PA1016	PA14_51190
PA1017	PA14_51170
PA1018	PA14_51160
PA1019	PA14_51150
PA1020	PA14_51120
PA1021	PA14_51110
PA1022	PA14_51100
PA1023	PA14_51090
PA1024	PA14_51080
PA1025	PA14_51070
PA1026	PA14_51060
PA1027	PA14_51050
PA1028	PA14_51040
PA1029	PA14_51020
PA1030	PA14_51010
PA1031	PA14_51000
PA1032	PA14_50980
PA1033	PA14_50970
PA1034	PA14_50950
PA1035	PA14_50940
PA1036	PA14_50930
PA1037	PA14_50920
PA1038	PA14_50910
PA1039	PA14_50900
PA1040	PA14_50890
PA1041	PA14_50880
PA1042	PA14_50870
PA1043	PA14_50860
PA1044	PA14_50850
PA1045	PA14_50840
PA1046	PA14_50830
PA1047	PA14_50820
PA1048	PA14_50810
PA1049	PA14_50800
PA1050	PA14_50790
PA1051	PA14_50770
PA1052	PA14_50760
PA1053	PA14_50740
PA1054	PA14_50730
PA1055	PA14_50720
PA1056	PA14_50710
PA1057	PA14_50700
PA1058	PA14_50690
PA1059	PA14_50680
PA1060	PA14_50670
PA1061	PA14_50660
PA1062	PA14_50650
PA1063	PA14_50640
PA1064	PA14_50630
PA1065	PA14_50620
PA1066	PA14_50610
PA1067	PA14_50600
PA1068	PA14_50590
PA1069	PA14_50570
PA1070	PA14_50560
PA1071	PA14_50550
PA1072	PA14_50540
PA1073	PA14_50530
PA1074	PA14_50520
PA1075	PA14_50510
PA1076	PA14_50500
PA1077	PA14_50480
PA1078	PA14_50470
PA1079	PA14_50460
PA1080	PA14_50450
PA1081	PA14_50440
PA1082	PA14_50430
PA1083	PA14_50420
PA1084	PA14_50410
PA1085	PA14_50380
PA1086	PA14_50360
PA1087	PA14_50340
PA1088	PA14_50330
PA1089	PA14_50320
PA1090	PA14_50310
PA1091	PA14_50300
PA1092	PA14_50290
PA1093	PA14_50280
PA1094	PA14_50270
PA1095	PA14_50250
PA1096	PA14_50240
PA1097	PA14_50220
PA1098	PA14_50200
PA1099	PA14_50180
PA1100	PA14_50160
PA1101	PA14_50140
PA1102	PA14_50130
PA1103	PA14_50110
PA1104	PA14_50100
PA1105	PA14_50080
PA1106	PA14_50070
PA1107	PA14_50060
PA1108	PA14_50050
PA1109	PA14_50040
PA1110	PA14_50030
PA1111	PA14_50020
PA1112	PA14_50010
PA1113	PA14_49970
PA1114	PA14_49960
PA1115	PA14_49940
PA1116	PA14_49930
PA1117	PA14_49920
PA1118	PA14_49910
PA1119	PA14_49900
PA1120	PA14_49890
PA1121	PA14_49880
PA1122	PA14_49870
PA1123	PA14_49850
PA1124	PA14_49840
PA1125	PA14_49820
PA1126	PA14_49810
PA1127	PA14_49800
PA1128	PA14_49790
PA1129	PA14_49780
PA1130	PA14_49760
PA1131	PA14_49750
PA1132	PA14_49740
PA1133	PA14_49730
PA1134	PA14_49720
PA1135	PA14_49710
PA1136	PA14_49700
PA1137	PA14_49690
PA1138	PA14_49680
PA1139	PA14_49660
PA1140	PA14_49650
PA1141	PA14_49640
PA1142	PA14_49630
PA1143	PA14_49620
PA1144	PA14_49610
PA1145	PA14_49590
PA1146	PA14_49580
PA1147	PA14_49570
PA1148	PA14_49560
PA1149	PA14_49530
PA1153	PA14_49500
PA1155	PA14_49470
PA1156	PA14_49460
PA1157	PA14_49440
PA1158	PA14_49420
PA1159	PA14_49410
PA1160	PA14_49400
PA1161	PA14_49390
PA1162	PA14_49380
PA1163	PA14_49360
PA1164	PA14_49350
PA1165	PA14_49340
PA1166	PA14_49330
PA1167	PA14_49320
PA1168	PA14_49310
PA1169	PA14_49300
PA1170	PA14_49290
PA1171	PA14_49280
PA1172	PA14_49270
PA1173	PA14_49260
PA1174	PA14_49250
PA1175	PA14_49230
PA1176	PA14_49220
PA1177	PA14_49210
PA1178	PA14_49200
PA1179	PA14_49180
PA1180	PA14_49170
PA1181	PA14_49160
PA1182	PA14_49150
PA1183	PA14_49130
PA1184	PA14_49110
PA1185	PA14_49100
PA1186	PA14_49090
PA1187	PA14_49080
PA1188	PA14_49070
PA1189	PA14_49060
PA1190	PA14_49050
PA1191	PA14_49040
PA1192	PA14_48870
PA1193	PA14_48860
PA1194	PA14_48850
PA1195	PA14_48840
PA1196	PA14_48830
PA1197	PA14_48810
PA1198	PA14_48800
PA1199	PA14_48790
PA1200	PA14_48780
PA1201	PA14_48770
PA1202	PA14_48760
PA1203	PA14_48750
PA1204	PA14_48740
PA1205	PA14_48730
PA1206	PA14_48710
PA1207	PA14_48700
PA1208	PA14_48680
PA1209	PA14_48660
PA1210	PA14_48650
PA1211	PA14_48640
PA1212	PA14_48630
PA1213	PA14_48620
PA1214	PA14_48610
PA1215	PA14_48600
PA1216	PA14_48590
PA1217	PA14_48570
PA1218	PA14_48560
PA1219	PA14_48550
PA1220	PA14_48540
PA1221	PA14_48530
PA1222	PA14_48520
PA1225	PA14_48440
PA1226	PA14_48420
PA1227	PA14_48410
PA1228	PA14_48400
PA1229	PA14_48390
PA1230	PA14_48380
PA1231	PA14_48350
PA1232	PA14_48340
PA1233	PA14_48330
PA1234	PA14_48320
PA1235	PA14_48310
PA1236	PA14_48300
PA1237	PA14_48280
PA1238	PA14_48240
PA1239	PA14_48210
PA1240	PA14_48200
PA1241	PA14_48190
PA1242	PA14_48170
PA1243	PA14_48160
PA1244	PA14_48150
PA1245	PA14_48140
PA1246	PA14_48115
PA1247	PA14_48100
PA1248	PA14_48090
PA1249	PA14_48060
PA1250	PA14_48040
PA1251	PA14_48030
PA1252	PA14_48020
PA1253	PA14_48010
PA1254	PA14_48000
PA1255	PA14_47970
PA1256	PA14_47960
PA1257	PA14_47950
PA1258	PA14_47940
PA1259	PA14_47930
PA1260	PA14_47920
PA1261	PA14_47910
PA1262	PA14_47900
PA1263	PA14_47890
PA1264	PA14_47880
PA1265	PA14_47870
PA1266	PA14_47860
PA1267	PA14_47850
PA1268	PA14_47840
PA1269	PA14_47820
PA1270	PA14_47810
PA1271	PA14_47800
PA1272	PA14_47790
PA1273	PA14_47760
PA1274	PA14_47750
PA1275	PA14_47730
PA1276	PA14_47720
PA1277	PA14_47690
PA1278	PA14_47680
PA1279	PA14_47670
PA1280	PA14_47660
PA1281	PA14_47650
PA1282	PA14_47640
PA1283	PA14_47610
PA1284	PA14_47600
PA1285	PA14_47580
PA1286	PA14_47560
PA1287	PA14_47550
PA1288	PA14_47540
PA1289	PA14_47530
PA1290	PA14_47520
PA1291	PA14_47510
PA1292	PA14_47500
PA1293	PA14_47490
PA1294	PA14_47460
PA1295	PA14_47450
PA1296	PA14_47440
PA1297	PA14_47430
PA1298	PA14_47420
PA1299	PA14_47410
PA1300	PA14_47400
PA1301	PA14_47390
PA1302	PA14_47380
PA1303	PA14_47370
PA1304	PA14_47360
PA1305	PA14_47350
PA1306	PA14_47340
PA1307	PA14_47330
PA1308	PA14_47320
PA1309	PA14_47310
PA1310	PA14_47300
PA1311	PA14_47280
PA1312	PA14_47270
PA1313	PA14_47260
PA1314	PA14_47250
PA1315	PA14_47240
PA1316	PA14_47230
PA1317	PA14_47210
PA1318	PA14_47190
PA1319	PA14_47180
PA1320	PA14_47160
PA1321	PA14_47150
PA1322	PA14_47140
PA1323	PA14_47130
PA1324	PA14_47120
PA1325	PA14_47110
PA1326	PA14_47100
PA1327	PA14_47090
PA1328	PA14_47080
PA1329	PA14_47070
PA1330	PA14_47060
PA1331	PA14_47040
PA1332	PA14_47030
PA1333	PA14_47010
PA1334	PA14_47000
PA1335	PA14_46990
PA1336	PA14_46980
PA1337	PA14_46970
PA1338	PA14_46960
PA1339	PA14_46950
PA1340	PA14_46930
PA1341	PA14_46920
PA1342	PA14_46910
PA1343	PA14_46900
PA1344	PA14_46890
PA1345	PA14_46880
PA1346	PA14_46860
PA1347	PA14_46850
PA1348	PA14_46840
PA1349	PA14_46830
PA1350	PA14_46820
PA1351	PA14_46810
PA1352	PA14_46800
PA1353	PA14_46780
PA1354	PA14_46770
PA1355	PA14_46760
PA1356	PA14_46750
PA1357	PA14_46740
PA1358	PA14_46720
PA1359	PA14_46710
PA1360	PA14_46700
PA1361	PA14_46680
PA1362	PA14_46670
PA1363	PA14_46660
PA1364	PA14_46650
PA1365	PA14_46640
PA1367	PA14_46630
PA1373	PA14_46490
PA1374	PA14_46480
PA1375	PA14_46470
PA1376	PA14_46450
PA1377	PA14_46440
PA1378	PA14_46430
PA1379	PA14_46420
PA1380	PA14_46400
PA1394	PA14_46390
PA1395	PA14_46380
PA1396	PA14_46370
PA1397	PA14_46360
PA1398	PA14_46340
PA1399	PA14_46330
PA1400	PA14_46320
PA1401	PA14_46310
PA1402	PA14_46300
PA1403	PA14_46290
PA1404	PA14_46280
PA1405	PA14_46270
PA1406	PA14_46260
PA1407	PA14_46250
PA1408	PA14_46240
PA1409	PA14_46230
PA1410	PA14_46220
PA1411	PA14_46200
PA1412	PA14_46180
PA1413	PA14_46170
PA1414	PA14_46160
PA1415	PA14_46150
PA1416	PA14_46140
PA1417	PA14_46120
PA1418	PA14_46110
PA1419	PA14_46100
PA1420	PA14_46080
PA1421	PA14_46070
PA1422	PA14_46060
PA1423	PA14_46030
PA1424	PA14_46020
PA1425	PA14_46010
PA1426	PA14_46000
PA1428	PA14_45980
PA1429	PA14_45970
PA1430	PA14_45960
PA1431	PA14_45950
PA1432	PA14_45940
PA1433	PA14_45930
PA1434	PA14_45920
PA1435	PA14_45910
PA1436	PA14_45890
PA1437	PA14_45880
PA1438	PA14_45870
PA1439	PA14_45850
PA1440	PA14_45840
PA1441	PA14_45830
PA1442	PA14_45810
PA1443	PA14_45800
PA1444	PA14_45790
PA1445	PA14_45780
PA1446	PA14_45770
PA1447	PA14_45760
PA1448	PA14_45740
PA1449	PA14_45720
PA1450	PA14_45710
PA1451	PA14_45700
PA1452	PA14_45680
PA1453	PA14_45660
PA1454	PA14_45640
PA1455	PA14_45630
PA1456	PA14_45620
PA1457	PA14_45610
PA1458	PA14_45590
PA1459	PA14_45580
PA1460	PA14_45560
PA1461	PA14_45540
PA1462	PA14_45520
PA1463	PA14_45510
PA1464	PA14_45500
PA1465	PA14_45480
PA1466	PA14_45470
PA1467	PA14_45460
PA1468	PA14_45450
PA1469	PA14_45440
PA1470	PA14_45430
PA1473	PA14_45410
PA1474	PA14_45400
PA1475	PA14_45380
PA1476	PA14_45370
PA1477	PA14_45350
PA1478	PA14_45340
PA1479	PA14_45330
PA1480	PA14_45310
PA1481	PA14_45300
PA1482	PA14_45290
PA1483	PA14_45280
PA1484	PA14_45250
PA1485	PA14_45240
PA1486	PA14_45210
PA1487	PA14_45190
PA1488	PA14_45180
PA1489	PA14_45170
PA1490	PA14_45150
PA1491	PA14_45130
PA1492	PA14_45120
PA1493	PA14_45110
PA1494	PA14_45100
PA1495	PA14_45090
PA1496	PA14_45070
PA1497	PA14_45060
PA1498	PA14_45050
PA1499	PA14_45030
PA1500	PA14_45020
PA1501	PA14_45010
PA1502	PA14_45000
PA1503	PA14_44990
PA1504	PA14_44980
PA1505	PA14_44970
PA1506	PA14_44960
PA1507	PA14_44950
PA1508	PA14_44930
PA1509	PA14_44920
PA1510	PA14_44910
PA1511	PA14_44900
PA1512	PA14_03240
PA1512	PA14_43070
PA1512	PA14_44890
PA1513	PA14_44880
PA1514	PA14_44860
PA1515	PA14_44850
PA1516	PA14_44840
PA1517	PA14_44830
PA1518	PA14_44820
PA1519	PA14_44800
PA1520	PA14_44780
PA1521	PA14_44770
PA1522	PA14_44760
PA1523	PA14_44740
PA1524	PA14_44710
PA1525	PA14_44700
PA1526	PA14_44690
PA1527	PA14_44680
PA1528	PA14_44670
PA1529	PA14_44660
PA1530	PA14_44650
PA1531	PA14_44640
PA1532	PA14_44630
PA1533	PA14_44620
PA1534	PA14_44610
PA1535	PA14_44590
PA1536	PA14_44580
PA1537	PA14_44570
PA1538	PA14_44560
PA1539	PA14_44540
PA1540	PA14_44530
PA1541	PA14_44520
PA1542	PA14_44510
PA1543	PA14_44500
PA1544	PA14_44490
PA1545	PA14_44480
PA1546	PA14_44470
PA1547	PA14_44460
PA1548	PA14_44450
PA1549	PA14_44440
PA1550	PA14_44430
PA1551	PA14_44420
PA1552	PA14_44400
PA1552.1	PA14_44390
PA1553	PA14_44380
PA1554	PA14_44370
PA1555	PA14_44360
PA1556	PA14_44350
PA1557	PA14_44340
PA1558	PA14_44320
PA1559	PA14_44311
PA1561	PA14_44300
PA1562	PA14_44290
PA1563	PA14_44280
PA1564	PA14_44270
PA1565	PA14_44260
PA1566	PA14_44240
PA1567	PA14_44210
PA1568	PA14_44200
PA1569	PA14_44190
PA1570	PA14_44180
PA1571	PA14_44170
PA1572	PA14_44160
PA1573	PA14_44150
PA1574	PA14_44140
PA1575	PA14_44130
PA1576	PA14_44120
PA1577	PA14_44110
PA1578	PA14_44100
PA1579	PA14_44080
PA1580	PA14_44070
PA1581	PA14_44060
PA1582	PA14_44050
PA1583	PA14_44030
PA1584	PA14_44020
PA1585	PA14_44010
PA1586	PA14_44000
PA1587	PA14_43970
PA1588	PA14_43950
PA1589	PA14_43940
PA1590	PA14_43920
PA1591	PA14_43910
PA1592	PA14_43900
PA1593	PA14_43890
PA1594	PA14_43880
PA1595	PA14_43870
PA1596	PA14_43850
PA1597	PA14_43840
PA1598	PA14_43830
PA1599	PA14_43820
PA1600	PA14_43810
PA1601	PA14_43790
PA1602	PA14_43780
PA1603	PA14_43770
PA1604	PA14_43760
PA1605	PA14_43740
PA1606	PA14_43730
PA1607	PA14_43720
PA1608	PA14_43710
PA1609	PA14_43690
PA1610	PA14_43680
PA1611	PA14_43670
PA1612	PA14_43660
PA1613	PA14_43650
PA1614	PA14_43640
PA1615	PA14_43630
PA1616	PA14_43620
PA1617	PA14_43610
PA1618	PA14_43600
PA1619	PA14_43580
PA1620	PA14_43570
PA1621	PA14_43550
PA1622	PA14_43540
PA1623	PA14_43530
PA1624	PA14_43520
PA1625	PA14_43510
PA1626	PA14_43490
PA1627	PA14_43480
PA1628	PA14_43460
PA1629	PA14_43440
PA1630	PA14_43430
PA1631	PA14_43420
PA1632	PA14_43405
PA1633	PA14_43400
PA1634	PA14_43380
PA1635	PA14_43370
PA1636	PA14_43350
PA1637	PA14_43340
PA1638	PA14_43320
PA1639	PA14_43310
PA1640	PA14_43300
PA1641	PA14_43290
PA1642	PA14_43280
PA1643	PA14_43270
PA1644	PA14_43240
PA1645	PA14_43230
PA1646	PA14_43220
PA1647	PA14_43200
PA1648	PA14_43190
PA1649	PA14_43180
PA1650	PA14_43170
PA1651	PA14_43160
PA1652	PA14_43150
PA1653	PA14_43140
PA1654	PA14_43130
PA1655	PA14_43110
PA1656	PA14_43050
PA1657	PA14_43040
PA1658	PA14_43030
PA1659	PA14_43020
PA1660	PA14_43000
PA1661	PA14_42990
PA1662	PA14_42980
PA1663	PA14_42970
PA1664	PA14_42960
PA1665	PA14_42950
PA1666	PA14_42940
PA1667	PA14_42920
PA1668	PA14_42910
PA1669	PA14_42900
PA1670	PA14_42890
PA1671	PA14_42880
PA1672	PA14_42870
PA1673	PA14_42860
PA1674	PA14_42850
PA1675	PA14_42840
PA1676	PA14_42830
PA1677	PA14_42820
PA1678	PA14_42790
PA1679	PA14_42780
PA1680	PA14_42770
PA1681	PA14_42760
PA1682	PA14_42750
PA1683	PA14_42740
PA1684	PA14_42730
PA1685	PA14_42720
PA1686	PA14_42700
PA1687	PA14_42690
PA1688	PA14_42680
PA1689	PA14_42670
PA1690	PA14_42660
PA1691	PA14_42640
PA1692	PA14_42630
PA1693	PA14_42620
PA1694	PA14_42610
PA1695	PA14_42600
PA1696	PA14_42580
PA1697	PA14_42570
PA1698	PA14_42550
PA1699	PA14_42540
PA1700	PA14_42530
PA1701	PA14_42520
PA1702	PA14_42510
PA1703	PA14_42500
PA1704	PA14_42490
PA1705	PA14_42480
PA1706	PA14_42470
PA1707	PA14_42460
PA1708	PA14_42450
PA1709	PA14_42440
PA1710	PA14_42430
PA1711	PA14_42410
PA1712	PA14_42400
PA1713	PA14_42390
PA1714	PA14_42380
PA1715	PA14_42360
PA1716	PA14_42350
PA1717	PA14_42340
PA1718	PA14_42320
PA1719	PA14_42310
PA1720	PA14_42300
PA1721	PA14_42290
PA1722	PA14_42280
PA1723	PA14_42270
PA1724	PA14_42260
PA1725	PA14_42250
PA1726	PA14_42230
PA1727	PA14_42220
PA1728	PA14_42200
PA1729	PA14_42180
PA1730	PA14_42160
PA1731	PA14_42150
PA1732	PA14_42140
PA1733	PA14_42130
PA1734	PA14_42120
PA1735	PA14_42100
PA1736	PA14_42090
PA1737	PA14_42080
PA1738	PA14_42060
PA1739	PA14_42050
PA1740	PA14_42030
PA1741	PA14_42020
PA1742	PA14_42010
PA1743	PA14_42000
PA1744	PA14_41990
PA1745	PA14_41980
PA1746	PA14_41970
PA1747	PA14_41960
PA1748	PA14_41950
PA1749	PA14_41930
PA1750	PA14_41920
PA1751	PA14_41910
PA1752	PA14_41900
PA1753	PA14_41880
PA1754	PA14_41870
PA1755	PA14_41860
PA1756	PA14_41840
PA1757	PA14_41830
PA1758	PA14_41820
PA1759	PA14_41810
PA1760	PA14_41800
PA1761	PA14_41790
PA1762	PA14_41780
PA1763	PA14_41760
PA1764	PA14_41750
PA1765	PA14_41740
PA1766	PA14_41730
PA1767	PA14_41710
PA1768	PA14_41690
PA1769	PA14_41680
PA1770	PA14_41670
PA1771	PA14_41650
PA1772	PA14_41640
PA1773	PA14_41630
PA1774	PA14_41610
PA1775	PA14_41590
PA1776	PA14_41575
PA1777	PA14_41570
PA1778	PA14_41563
PA1779	PA14_41560
PA1780	PA14_41540
PA1781	PA14_41530
PA1782	PA14_41520
PA1783	PA14_41510
PA1784	PA14_41500
PA1785	PA14_41490
PA1786	PA14_41480
PA1787	PA14_41470
PA1788	PA14_41450
PA1789	PA14_41440
PA1790	PA14_41430
PA1791	PA14_41420
PA1792	PA14_41400
PA1793	PA14_41390
PA1794	PA14_41380
PA1795	PA14_41360
PA1796	PA14_41350
PA1797	PA14_41280
PA1798	PA14_41270
PA1799	PA14_41260
PA1800	PA14_41250
PA1801	PA14_41240
PA1802	PA14_41230
PA1803	PA14_41220
PA1804	PA14_41210
PA1805	PA14_41190
PA1806	PA14_41170
PA1807	PA14_41160
PA1808	PA14_41150
PA1809	PA14_41140
PA1810	PA14_41130
PA1811	PA14_41110
PA1812	PA14_41090
PA1813	PA14_41080
PA1814	PA14_41070
PA1815	PA14_41060
PA1816	PA14_41050
PA1817	PA14_41030
PA1818	PA14_41020
PA1819	PA14_41010
PA1820	PA14_41000
PA1821	PA14_40980
PA1822	PA14_40960
PA1823	PA14_40950
PA1824	PA14_40940
PA1825	PA14_40930
PA1826	PA14_40910
PA1827	PA14_40900
PA1828	PA14_40890
PA1829	PA14_40880
PA1830	PA14_40860
PA1831	PA14_40850
PA1832	PA14_40840
PA1833	PA14_40830
PA1835	PA14_40800
PA1836	PA14_40790
PA1837	PA14_40780
PA1838	PA14_40770
PA1839	PA14_40730
PA1840	PA14_40710
PA1841	PA14_40700
PA1842	PA14_40690
PA1843	PA14_40670
PA1844	PA14_40660
PA1845	PA14_40650
PA1846	PA14_40640
PA1847	PA14_40630
PA1848	PA14_40620
PA1849	PA14_40610
PA1850	PA14_40600
PA1851	PA14_40570
PA1852	PA14_40560
PA1853	PA14_40550
PA1854	PA14_40540
PA1855	PA14_40520
PA1856	PA14_40510
PA1857	PA14_40490
PA1858	PA14_40450
PA1859	PA14_40440
PA1860	PA14_40430
PA1861	PA14_40420
PA1862	PA14_40410
PA1863	PA14_40390
PA1864	PA14_40380
PA1865	PA14_40370
PA1866	PA14_40350
PA1867	PA14_40330
PA1868	PA14_40320
PA1869	PA14_40310
PA1870	PA14_40300
PA1871	PA14_40290
PA1872	PA14_40280
PA1873	PA14_40270
PA1874	PA14_40260
PA1875	PA14_40250
PA1876	PA14_40240
PA1877	PA14_40230
PA1878	PA14_40220
PA1879	PA14_40210
PA1880	PA14_40200
PA1881	PA14_40180
PA1882	PA14_40170
PA1883	PA14_40160
PA1884	PA14_40150
PA1885	PA14_40130
PA1886	PA14_40120
PA1887	PA14_40110
PA1888	PA14_40100
PA1889	PA14_40080
PA1890	PA14_40070
PA1891	PA14_40060
PA1892	PA14_40050
PA1893	PA14_40040
PA1894	PA14_40030
PA1895	PA14_40020
PA1896	PA14_40010
PA1897	PA14_39990
PA1898	PA14_39980
PA1899	PA14_39970
PA1900	PA14_39960
PA1901	PA14_39945
PA1902	PA14_09450
PA1903	PA14_09440
PA1904	PA14_09420
PA1904	PA14_39890
PA1905	PA14_09410
PA1906	PA14_39870
PA1907	PA14_39860
PA1908	PA14_39850
PA1909	PA14_39830
PA1910	PA14_39820
PA1911	PA14_39810
PA1912	PA14_39800
PA1913	PA14_39790
PA1914	PA14_39780
PA1915	PA14_39770
PA1916	PA14_39750
PA1917	PA14_39730
PA1918	PA14_39720
PA1919	PA14_39710
PA1920	PA14_39690
PA1921	PA14_39660
PA1922	PA14_39650
PA1923	PA14_39640
PA1924	PA14_39630
PA1925	PA14_39620
PA1926	PA14_39610
PA1927	PA14_39590
PA1928	PA14_39580
PA1929	PA14_39570
PA1930	PA14_39560
PA1931	PA14_39540
PA1932	PA14_39530
PA1933	PA14_39520
PA1934	PA14_39500
PA1939	PA14_60070
PA1940	PA14_39460
PA1941	PA14_39440
PA1942	PA14_39420
PA1943	PA14_39410
PA1944	PA14_39390
PA1945	PA14_39360
PA1946	PA14_39350
PA1947	PA14_39330
PA1948	PA14_39320
PA1949	PA14_39300
PA1950	PA14_39280
PA1951	PA14_39270
PA1952	PA14_39260
PA1953	PA14_39250
PA1954	PA14_39240
PA1955	PA14_39230
PA1956	PA14_39220
PA1957	PA14_39210
PA1958	PA14_39200
PA1959	PA14_39190
PA1960	PA14_39180
PA1961	PA14_39160
PA1962	PA14_39150
PA1963	PA14_39140
PA1964	PA14_39130
PA1965	PA14_39110
PA1966	PA14_39100
PA1967	PA14_39090
PA1968	PA14_39080
PA1969	PA14_39070
PA1970	PA14_39060
PA1971	PA14_39050
PA1972	PA14_39020
PA1973	PA14_39010
PA1974	PA14_39000
PA1975	PA14_38990
PA1976	PA14_38970
PA1977	PA14_38950
PA1978	PA14_38930
PA1979	PA14_38910
PA1980	PA14_38900
PA1981	PA14_38880
PA1982	PA14_38860
PA1983	PA14_38850
PA1984	PA14_38840
PA1985	PA14_38825
PA1986	PA14_38820
PA1987	PA14_38800
PA1988	PA14_38790
PA1989	PA14_38780
PA1990	PA14_38770
PA1991	PA14_38750
PA1992	PA14_38740
PA1993	PA14_38730
PA1994	PA14_38720
PA1995	PA14_38710
PA1996	PA14_38700
PA1997	PA14_38690
PA1998	PA14_38680
PA1999	PA14_38660
PA2000	PA14_38640
PA2001	PA14_38630
PA2002	PA14_38610
PA2003	PA14_38590
PA2004	PA14_38580
PA2005	PA14_38570
PA2006	PA14_38560
PA2007	PA14_38550
PA2008	PA14_38530
PA2009	PA14_38510
PA2010	PA14_38500
PA2011	PA14_38490
PA2012	PA14_38480
PA2013	PA14_38470
PA2014	PA14_38460
PA2015	PA14_38440
PA2016	PA14_38430
PA2017	PA14_38420
PA2018	PA14_38410
PA2019	PA14_38395
PA2020	PA14_38380
PA2021	PA14_38370
PA2022	PA14_38360
PA2023	PA14_38350
PA2024	PA14_38340
PA2025	PA14_38330
PA2026	PA14_38320
PA2027	PA14_38310
PA2028	PA14_38300
PA2029	PA14_38290
PA2030	PA14_38270
PA2031	PA14_38260
PA2032	PA14_38250
PA2033	PA14_38220
PA2034	PA14_38210
PA2035	PA14_38200
PA2036	PA14_38190
PA2037	PA14_38180
PA2038	PA14_38170
PA2039	PA14_38160
PA2040	PA14_38140
PA2041	PA14_38130
PA2042	PA14_38110
PA2043	PA14_38090
PA2044	PA14_38080
PA2045	PA14_38060
PA2046	PA14_38050
PA2047	PA14_38040
PA2048	PA14_38020
PA2049	PA14_38010
PA2050	PA14_37990
PA2051	PA14_37980
PA2052	PA14_37965
PA2053	PA14_37950
PA2054	PA14_37940
PA2055	PA14_37915
PA2056	PA14_37910
PA2057	PA14_37900
PA2058	PA14_37880
PA2059	PA14_37870
PA2060	PA14_37850
PA2061	PA14_37840
PA2062	PA14_37830
PA2063	PA14_37820
PA2064	PA14_37810
PA2065	PA14_37790
PA2066	PA14_37780
PA2067	PA14_37770
PA2068	PA14_37760
PA2069	PA14_37745
PA2070	PA14_37730
PA2071	PA14_37710
PA2072	PA14_37690
PA2075	PA14_37680
PA2076	PA14_37660
PA2077	PA14_37650
PA2078	PA14_37640
PA2079	PA14_37630
PA2080	PA14_37610
PA2081	PA14_37590
PA2082	PA14_37580
PA2083	PA14_37570
PA2084	PA14_37560
PA2085	PA14_37550
PA2086	PA14_37530
PA2087	PA14_37520
PA2088	PA14_37510
PA2089	PA14_37490
PA2090	PA14_37470
PA2091	PA14_37460
PA2092	PA14_37440
PA2093	PA14_37430
PA2094	PA14_37420
PA2095	PA14_37410
PA2096	PA14_37400
PA2097	PA14_37380
PA2098	PA14_37370
PA2099	PA14_37360
PA2107	PA14_37350
PA2108	PA14_37340
PA2109	PA14_37320
PA2110	PA14_37310
PA2111	PA14_37290
PA2112	PA14_37270
PA2113	PA14_37260
PA2114	PA14_37250
PA2115	PA14_37220
PA2116	PA14_37210
PA2117	PA14_37200
PA2118	PA14_37190
PA2120	PA14_37150
PA2121	PA14_37140
PA2122	PA14_37130
PA2123	PA14_37120
PA2124	PA14_37100
PA2125	PA14_37090
PA2126	PA14_37080
PA2127	PA14_37070
PA2128	PA14_37060
PA2129	PA14_37040
PA2130	PA14_37030
PA2131	PA14_37010
PA2132	PA14_37000
PA2133	PA14_36990
PA2134	PA14_36980
PA2135	PA14_36960
PA2136	PA14_36930
PA2137	PA14_36920
PA2138	PA14_36910
PA2140	PA14_36890
PA2141	PA14_36880
PA2142	PA14_36870
PA2143	PA14_36850
PA2144	PA14_36840
PA2145	PA14_36830
PA2146	PA14_36820
PA2147	PA14_36810
PA2148	PA14_36780
PA2149	PA14_36770
PA2150	PA14_36760
PA2151	PA14_36740
PA2152	PA14_36730
PA2153	PA14_36710
PA2154	PA14_36700
PA2155	PA14_36690
PA2156	PA14_36680
PA2157	PA14_36670
PA2158	PA14_36660
PA2159	PA14_36650
PA2160	PA14_36630
PA2161	PA14_36620
PA2162	PA14_36605
PA2163	PA14_36590
PA2164	PA14_36580
PA2165	PA14_36570
PA2166	PA14_36560
PA2167	PA14_36550
PA2168	PA14_36540
PA2169	PA14_36530
PA2170	PA14_36900
PA2170	PA14_42710
PA2171	PA14_36520
PA2172	PA14_36500
PA2173	PA14_36490
PA2174	PA14_36470
PA2175	PA14_36460
PA2176	PA14_36450
PA2177	PA14_36420
PA2178	PA14_36410
PA2179	PA14_36390
PA2180	PA14_36375
PA2181	PA14_36370
PA2187	PA14_36360
PA2189	PA14_36350
PA2191	PA14_36345
PA2193	PA14_36330
PA2194	PA14_36320
PA2195	PA14_36310
PA2196	PA14_36300
PA2197	PA14_36290
PA2198	PA14_36280
PA2199	PA14_36270
PA2200	PA14_36260
PA2201	PA14_36250
PA2202	PA14_36230
PA2203	PA14_36220
PA2204	PA14_36200
PA2205	PA14_36190
PA2206	PA14_36180
PA2207	PA14_36170
PA2208	PA14_36150
PA2209	PA14_36130
PA2210	PA14_36120
PA2211	PA14_36110
PA2212	PA14_36100
PA2213	PA14_36090
PA2214	PA14_36080
PA2215	PA14_36070
PA2216	PA14_36060
PA2217	PA14_36050
PA2222	PA14_59620
PA2226	PA14_58930
PA2235	PA14_35690
PA2236	PA14_35680
PA2237	PA14_35670
PA2238	PA14_35650
PA2239	PA14_35640
PA2240	PA14_35630
PA2241	PA14_35620
PA2242	PA14_35600
PA2243	PA14_35590
PA2244	PA14_35570
PA2245	PA14_35550
PA2246	PA14_35540
PA2247	PA14_35530
PA2248	PA14_35520
PA2249	PA14_35500
PA2250	PA14_35490
PA2251	PA14_35470
PA2252	PA14_35460
PA2253	PA14_35440
PA2254	PA14_35430
PA2255	PA14_35420
PA2256	PA14_35400
PA2257	PA14_35390
PA2258	PA14_35380
PA2259	PA14_35370
PA2260	PA14_35360
PA2261	PA14_35340
PA2262	PA14_35330
PA2263	PA14_35320
PA2264	PA14_35300
PA2265	PA14_35290
PA2266	PA14_35270
PA2267	PA14_35250
PA2268	PA14_35240
PA2269	PA14_35230
PA2270	PA14_35210
PA2271	PA14_35200
PA2272	PA14_35190
PA2273	PA14_35170
PA2274	PA14_35160
PA2275	PA14_35150
PA2276	PA14_35140
PA2277	PA14_35130
PA2278	PA14_35110
PA2279	PA14_35100
PA2280	PA14_35080
PA2281	PA14_35070
PA2282	PA14_35060
PA2283	PA14_35050
PA2284	PA14_35040
PA2285	PA14_35030
PA2286	PA14_35020
PA2287	PA14_35010
PA2288	PA14_35000
PA2289	PA14_34990
PA2290	PA14_34970
PA2291	PA14_34960
PA2292	PA14_34940
PA2293	PA14_34930
PA2297	PA14_34920
PA2298	PA14_34900
PA2299	PA14_34880
PA2300	PA14_34870
PA2301	PA14_34850
PA2302	PA14_34840
PA2303	PA14_34830
PA2304	PA14_34820
PA2305	PA14_34810
PA2306	PA14_34800
PA2307	PA14_34790
PA2308	PA14_34780
PA2309	PA14_34770
PA2310	PA14_34750
PA2311	PA14_34740
PA2312	PA14_34730
PA2313	PA14_34720
PA2314	PA14_34710
PA2315	PA14_34700
PA2316	PA14_34690
PA2317	PA14_34680
PA2318	PA14_34670
PA2320	PA14_34660
PA2321	PA14_34640
PA2322	PA14_34630
PA2323	PA14_34600
PA2324	PA14_34580
PA2325	PA14_34550
PA2326	PA14_34540
PA2327	PA14_34520
PA2328	PA14_34510
PA2329	PA14_34500
PA2330	PA14_34490
PA2331	PA14_34460
PA2332	PA14_34450
PA2337	PA14_34440
PA2338	PA14_34420
PA2339	PA14_34410
PA2340	PA14_34390
PA2341	PA14_34370
PA2342	PA14_34360
PA2343	PA14_34350
PA2344	PA14_34340
PA2345	PA14_34330
PA2346	PA14_34320
PA2347	PA14_34300
PA2348	PA14_34290
PA2349	PA14_34280
PA2350	PA14_34270
PA2351	PA14_34260
PA2352	PA14_34250
PA2353	PA14_34230
PA2354	PA14_34210
PA2355	PA14_34200
PA2356	PA14_34190
PA2357	PA14_34180
PA2358	PA14_34170
PA2359	PA14_34150
PA2360	PA14_34140
PA2361	PA14_34130
PA2362	PA14_34110
PA2363	PA14_34100
PA2364	PA14_34080
PA2365	PA14_34070
PA2366	PA14_34050
PA2367	PA14_34030
PA2368	PA14_34020
PA2369	PA14_34010
PA2370	PA14_34000
PA2371	PA14_33990
PA2373	PA14_33960
PA2374	PA14_33940
PA2375	PA14_33930
PA2376	PA14_33920
PA2377	PA14_33910
PA2378	PA14_33900
PA2379	PA14_33890
PA2380	PA14_33880
PA2381	PA14_33870
PA2382	PA14_33860
PA2383	PA14_33840
PA2384	PA14_33830
PA2385	PA14_33820
PA2386	PA14_33810
PA2387	PA14_33800
PA2388	PA14_33780
PA2389	PA14_33770
PA2390	PA14_33760
PA2391	PA14_33750
PA2392	PA14_33740
PA2393	PA14_33730
PA2394	PA14_33720
PA2395	PA14_33710
PA2396	PA14_33700
PA2397	PA14_33690
PA2398	PA14_33680
PA2399	PA14_33650
PA2400	PA14_33630
PA2402	PA14_33610
PA2403	PA14_33600
PA2404	PA14_33590
PA2405	PA14_33580
PA2406	PA14_33570
PA2407	PA14_33560
PA2408	PA14_33550
PA2409	PA14_33540
PA2410	PA14_33530
PA2411	PA14_33520
PA2412	PA14_33510
PA2413	PA14_33500
PA2414	PA14_33480
PA2415	PA14_33460
PA2416	PA14_33450
PA2417	PA14_33440
PA2418	PA14_33430
PA2419	PA14_33420
PA2420	PA14_33410
PA2421	PA14_33380
PA2422	PA14_33370
PA2423	PA14_33290
PA2424	PA14_33280
PA2425	PA14_33270
PA2426	PA14_33260
PA2427	PA14_33250
PA2428	PA14_33240
PA2429	PA14_33230
PA2430	PA14_33220
PA2431	PA14_33190
PA2432	PA14_33170
PA2433	PA14_33160
PA2434	PA14_33150
PA2435	PA14_33130
PA2436	PA14_33120
PA2437	PA14_33110
PA2438	PA14_33080
PA2439	PA14_33070
PA2440	PA14_33060
PA2441	PA14_33050
PA2442	PA14_33040
PA2443	PA14_33030
PA2444	PA14_33010
PA2445	PA14_33000
PA2446	PA14_32985
PA2447	PA14_32970
PA2448	PA14_32950
PA2449	PA14_32940
PA2450	PA14_32930
PA2451	PA14_32905
PA2452	PA14_32905
PA2453	PA14_32890
PA2454	PA14_32880
PA2455	PA14_32860
PA2457	PA14_20510
PA2458	PA14_32830
PA2462	PA14_32790
PA2463	PA14_32780
PA2464	PA14_32770
PA2465	PA14_32750
PA2466	PA14_32740
PA2467	PA14_32720
PA2468	PA14_32710
PA2469	PA14_32700
PA2470	PA14_32690
PA2471	PA14_32670
PA2472	PA14_32660
PA2473	PA14_32650
PA2474	PA14_32640
PA2475	PA14_32630
PA2476	PA14_32610
PA2477	PA14_32600
PA2478	PA14_32590
PA2479	PA14_32580
PA2480	PA14_32570
PA2481	PA14_32540
PA2482	PA14_32530
PA2483	PA14_32520
PA2484	PA14_32500
PA2485	PA14_32490
PA2486	PA14_32480
PA2487	PA14_32470
PA2488	PA14_32460
PA2489	PA14_32450
PA2490	PA14_32440
PA2491	PA14_32420
PA2492	PA14_32410
PA2493	PA14_32400
PA2494	PA14_32390
PA2495	PA14_32380
PA2496	PA14_32370
PA2497	PA14_32360
PA2498	PA14_32350
PA2499	PA14_32340
PA2500	PA14_32330
PA2501	PA14_32310
PA2502	PA14_32300
PA2503	PA14_32290
PA2504	PA14_32280
PA2505	PA14_32270
PA2506	PA14_32250
PA2507	PA14_32240
PA2508	PA14_32230
PA2509	PA14_32220
PA2510	PA14_32200
PA2511	PA14_32190
PA2512	PA14_32160
PA2513	PA14_32150
PA2514	PA14_32140
PA2515	PA14_32130
PA2516	PA14_32110
PA2517	PA14_32100
PA2518	PA14_32080
PA2519	PA14_32060
PA2520	PA14_31010
PA2521	PA14_31990
PA2522	PA14_31970
PA2523	PA14_31960
PA2524	PA14_31950
PA2525	PA14_31920
PA2526	PA14_31900
PA2527	PA14_31890
PA2528	PA14_31870
PA2529	PA14_31850
PA2530	PA14_31840
PA2531	PA14_31820
PA2532	PA14_31810
PA2533	PA14_31800
PA2534	PA14_31780
PA2535	PA14_31770
PA2536	PA14_31760
PA2537	PA14_31750
PA2538	PA14_31740
PA2539	PA14_31730
PA2540	PA14_31720
PA2541	PA14_31700
PA2542	PA14_31690
PA2543	PA14_31680
PA2544	PA14_31660
PA2545	PA14_31650
PA2546	PA14_31640
PA2547	PA14_31630
PA2548	PA14_31620
PA2549	PA14_31610
PA2550	PA14_31580
PA2551	PA14_31560
PA2552	PA14_31540
PA2553	PA14_31530
PA2554	PA14_31510
PA2555	PA14_31500
PA2556	PA14_31480
PA2557	PA14_31470
PA2558	PA14_31460
PA2559	PA14_31440
PA2560	PA14_31420
PA2561	PA14_31400
PA2562	PA14_31390
PA2563	PA14_31380
PA2564	PA14_31370
PA2565	PA14_31360
PA2566	PA14_31350
PA2567	PA14_31330
PA2568	PA14_31310
PA2569	PA14_31300
PA2570	PA14_31290
PA2571	PA14_30840
PA2572	PA14_30830
PA2573	PA14_30820
PA2574	PA14_30810
PA2575	PA14_30800
PA2576	PA14_30790
PA2577	PA14_30770
PA2578	PA14_30760
PA2579	PA14_30750
PA2580	PA14_30740
PA2581	PA14_30730
PA2582	PA14_30710
PA2583	PA14_30700
PA2584	PA14_30670
PA2585	PA14_30660
PA2586	PA14_30650
PA2587	PA14_30630
PA2588	PA14_30620
PA2589	PA14_30600
PA2590	PA14_30590
PA2591	PA14_30580
PA2592	PA14_30570
PA2593	PA14_30560
PA2594	PA14_30550
PA2595	PA14_30540
PA2596	PA14_30520
PA2597	PA14_30500
PA2598	PA14_30490
PA2599	PA14_30470
PA2600	PA14_30460
PA2601	PA14_30450
PA2602	PA14_30440
PA2603	PA14_30430
PA2604	PA14_30410
PA2605	PA14_30400
PA2606	PA14_30390
PA2607	PA14_30380
PA2608	PA14_30370
PA2609	PA14_30360
PA2610	PA14_30350
PA2611	PA14_30340
PA2612	PA14_30330
PA2613	PA14_30320
PA2614	PA14_30310
PA2615	PA14_30290
PA2616	PA14_30280
PA2617	PA14_30270
PA2618	PA14_30260
PA2619	PA14_30240
PA2620	PA14_30230
PA2621	PA14_30210
PA2622	PA14_30200
PA2623	PA14_30190
PA2624	PA14_30180
PA2625	PA14_30160
PA2626	PA14_30150
PA2627	PA14_30140
PA2628	PA14_30130
PA2629	PA14_30110
PA2630	PA14_30100
PA2631	PA14_30090
PA2632	PA14_30080
PA2633	PA14_30070
PA2634	PA14_30050
PA2635	PA14_30040
PA2636	PA14_30030
PA2637	PA14_30020
PA2638	PA14_30010
PA2639	PA14_29990
PA2640	PA14_29980
PA2641	PA14_29970
PA2642	PA14_29940
PA2643	PA14_29930
PA2644	PA14_29920
PA2645	PA14_29900
PA2646	PA14_29890
PA2647	PA14_29880
PA2648	PA14_29860
PA2649	PA14_29850
PA2650	PA14_29830
PA2651	PA14_29820
PA2652	PA14_29800
PA2653	PA14_29770
PA2654	PA14_29760
PA2655	PA14_29750
PA2656	PA14_29740
PA2657	PA14_29730
PA2658	PA14_29720
PA2659	PA14_29710
PA2660	PA14_29690
PA2661	PA14_29680
PA2662	PA14_29660
PA2663	PA14_29650
PA2664	PA14_29640
PA2665	PA14_29620
PA2666	PA14_29600
PA2667	PA14_29590
PA2668	PA14_29575
PA2669	PA14_29570
PA2670	PA14_29560
PA2671	PA14_29550
PA2672	PA14_29540
PA2673	PA14_29530
PA2674	PA14_29520
PA2675	PA14_29510
PA2676	PA14_29500
PA2677	PA14_29490
PA2678	PA14_29480
PA2679	PA14_29470
PA2680	PA14_29460
PA2681	PA14_29440
PA2682	PA14_29420
PA2683	PA14_29410
PA2684	PA14_29400
PA2685	PA14_29390
PA2687	PA14_29360
PA2688	PA14_29350
PA2689	PA14_29340
PA2691	PA14_29320
PA2692	PA14_29300
PA2693	PA14_29290
PA2694	PA14_29280
PA2695	PA14_29270
PA2696	PA14_29260
PA2697	PA14_29250
PA2698	PA14_29240
PA2699	PA14_29230
PA2700	PA14_29220
PA2701	PA14_29210
PA2702	PA14_29200
PA2703	PA14_29190
PA2704	PA14_29180
PA2705	PA14_29160
PA2706	PA14_29150
PA2707	PA14_29130
PA2708	PA14_29120
PA2709	PA14_29110
PA2710	PA14_29100
PA2711	PA14_29090
PA2712	PA14_29070
PA2713	PA14_29060
PA2714	PA14_29050
PA2715	PA14_29040
PA2716	PA14_29030
PA2717	PA14_29020
PA2718	PA14_29010
PA2719	PA14_29000
PA2720	PA14_28990
PA2721	PA14_28960
PA2722	PA14_28950
PA2723	PA14_28940
PA2724	PA14_28930
PA2725	PA14_28920
PA2726	PA14_28910
PA2728	PA14_28895
PA2729	PA14_28880
PA2737	PA14_28730
PA2738	PA14_28720
PA2739	PA14_28710
PA2740	PA14_28690
PA2741	PA14_28680
PA2742	PA14_28670
PA2743	PA14_28660
PA2744	PA14_28650
PA2745	PA14_28630
PA2746	PA14_28620
PA2747	PA14_28600
PA2748	PA14_28590
PA2749	PA14_28570
PA2750	PA14_28560
PA2751	PA14_28530
PA2752	PA14_28510
PA2753	PA14_28500
PA2754	PA14_28490
PA2755	PA14_28450
PA2756	PA14_28440
PA2757	PA14_28430
PA2758	PA14_28420
PA2759	PA14_28410
PA2760	PA14_28400
PA2761	PA14_28390
PA2762	PA14_28380
PA2763	PA14_28370
PA2764	PA14_28350
PA2765	PA14_28340
PA2766	PA14_28320
PA2767	PA14_28310
PA2768	PA14_28300
PA2769	PA14_28290
PA2770	PA14_28280
PA2772	PA14_28240
PA2773	PA14_28220
PA2774	PA14_28210
PA2775	PA14_28200
PA2776	PA14_28180
PA2777	PA14_28170
PA2778	PA14_28150
PA2779	PA14_28140
PA2780	PA14_28130
PA2781	PA14_28120
PA2782	PA14_28110
PA2783	PA14_28100
PA2784	PA14_28090
PA2785	PA14_28080
PA2786	PA14_28070
PA2787	PA14_28060
PA2788	PA14_28050
PA2789	PA14_28040
PA2790	PA14_28030
PA2791	PA14_28020
PA2792	PA14_28010
PA2793	PA14_28000
PA2794	PA14_27990
PA2795	PA14_27980
PA2796	PA14_27960
PA2797	PA14_27950
PA2798	PA14_27940
PA2799	PA14_27930
PA2800	PA14_27920
PA2801	PA14_27910
PA2802	PA14_27900
PA2803	PA14_27890
PA2804	PA14_27880
PA2805	PA14_27870
PA2806	PA14_27850
PA2807	PA14_27840
PA2808	PA14_27830
PA2809	PA14_27810
PA2810	PA14_27800
PA2811	PA14_27780
PA2812	PA14_27770
PA2813	PA14_27755
PA2814	PA14_27740
PA2815	PA14_27730
PA2816	PA14_27720
PA2817	PA14_27710
PA2820	PA14_27590
PA2821	PA14_27580
PA2822	PA14_27570
PA2823	PA14_27560
PA2824	PA14_27550
PA2825	PA14_27530
PA2826	PA14_27520
PA2827	PA14_27510
PA2828	PA14_27500
PA2829	PA14_27490
PA2830	PA14_27480
PA2831	PA14_27470
PA2832	PA14_27460
PA2833	PA14_27450
PA2834	PA14_27440
PA2835	PA14_27430
PA2836	PA14_27420
PA2837	PA14_27410
PA2838	PA14_27400
PA2839	PA14_27390
PA2840	PA14_27370
PA2841	PA14_27360
PA2842	PA14_27350
PA2843	PA14_27330
PA2844	PA14_27310
PA2845	PA14_27290
PA2846	PA14_27280
PA2847	PA14_27270
PA2848	PA14_27250
PA2849	PA14_27230
PA2850	PA14_27220
PA2851	PA14_27210
PA2852	PA14_27200
PA2854	PA14_27180
PA2855	PA14_27170
PA2856	PA14_27160
PA2857	PA14_27150
PA2858	PA14_27140
PA2859	PA14_27130
PA2860	PA14_27120
PA2861	PA14_27110
PA2862	PA14_27100
PA2863	PA14_27090
PA2864	PA14_27070
PA2865	PA14_27050
PA2866	PA14_27020
PA2867	PA14_27000
PA2868	PA14_26990
PA2869	PA14_26980
PA2870	PA14_26970
PA2871	PA14_26960
PA2872	PA14_26940
PA2873	PA14_26930
PA2874	PA14_26920
PA2875	PA14_26910
PA2876	PA14_26890
PA2877	PA14_26880
PA2878	PA14_26870
PA2879	PA14_26860
PA2880	PA14_26850
PA2881	PA14_26830
PA2882	PA14_26810
PA2883	PA14_26780
PA2884	PA14_26770
PA2885	PA14_26760
PA2886	PA14_26750
PA2887	PA14_26730
PA2888	PA14_26720
PA2889	PA14_26700
PA2890	PA14_26690
PA2891	PA14_26670
PA2892	PA14_26650
PA2893	PA14_26640
PA2894	PA14_26620
PA2895	PA14_26610
PA2896	PA14_26600
PA2897	PA14_26590
PA2898	PA14_26580
PA2899	PA14_26570
PA2900	PA14_26560
PA2901	PA14_26550
PA2902	PA14_26540
PA2903	PA14_26530
PA2904	PA14_26510
PA2905	PA14_26500
PA2906	PA14_26485
PA2907	PA14_26480
PA2908	PA14_26470
PA2909	PA14_26460
PA2910	PA14_26450
PA2911	PA14_26420
PA2912	PA14_26400
PA2913	PA14_26390
PA2914	PA14_26360
PA2915	PA14_26350
PA2916	PA14_26340
PA2917	PA14_26330
PA2918	PA14_26310
PA2919	PA14_26300
PA2920	PA14_26280
PA2921	PA14_26270
PA2922	PA14_26260
PA2923	PA14_26240
PA2924	PA14_26230
PA2925	PA14_26220
PA2926	PA14_26210
PA2927	PA14_26190
PA2928	PA14_26165
PA2929	PA14_26160
PA2930	PA14_26150
PA2931	PA14_26140
PA2932	PA14_26130
PA2933	PA14_26110
PA2934	PA14_26090
PA2935	PA14_26080
PA2936	PA14_26070
PA2937	PA14_26060
PA2938	PA14_26050
PA2939	PA14_26020
PA2940	PA14_26010
PA2941	PA14_26000
PA2942	PA14_25990
PA2943	PA14_25980
PA2944	PA14_25970
PA2945	PA14_25960
PA2946	PA14_25940
PA2947	PA14_25930
PA2948	PA14_25920
PA2949	PA14_25910
PA2950	PA14_25900
PA2951	PA14_25880
PA2952	PA14_25860
PA2953	PA14_25840
PA2954	PA14_25830
PA2955	PA14_25820
PA2956	PA14_25810
PA2957	PA14_25800
PA2958	PA14_25790
PA2959	PA14_25780
PA2960	PA14_25770
PA2961	PA14_25760
PA2962	PA14_25740
PA2963	PA14_25730
PA2964	PA14_25710
PA2965	PA14_25690
PA2966	PA14_25670
PA2967	PA14_25660
PA2968	PA14_25650
PA2969	PA14_25640
PA2970	PA14_25630
PA2971	PA14_25620
PA2972	PA14_25610
PA2973	PA14_25600
PA2974	PA14_25590
PA2975	PA14_25580
PA2977	PA14_25550
PA2978	PA14_25540
PA2979	PA14_25530
PA2980	PA14_25520
PA2981	PA14_25510
PA2982	PA14_25500
PA2983	PA14_25490
PA2984	PA14_25480
PA2985	PA14_25470
PA2986	PA14_25450
PA2987	PA14_25440
PA2988	PA14_25430
PA2989	PA14_25420
PA2990	PA14_25400
PA2991	PA14_25390
PA2992	PA14_25370
PA2993	PA14_25360
PA2994	PA14_25350
PA2995	PA14_25340
PA2996	PA14_25330
PA2997	PA14_25320
PA2998	PA14_25305
PA2999	PA14_25280
PA3000	PA14_25270
PA3001	PA14_25250
PA3002	PA14_25230
PA3003	PA14_25220
PA3004	PA14_25210
PA3005	PA14_25195
PA3006	PA14_25180
PA3007	PA14_25160
PA3008	PA14_25150
PA3009	PA14_25140
PA3010	PA14_25130
PA3011	PA14_25110
PA3012	PA14_25100
PA3013	PA14_25090
PA3014	PA14_25080
PA3015	PA14_25060
PA3016	PA14_25050
PA3017	PA14_25040
PA3018	PA14_25030
PA3019	PA14_25020
PA3020	PA14_25000
PA3021	PA14_24990
PA3022	PA14_24980
PA3023	PA14_24970
PA3024	PA14_24960
PA3025	PA14_24950
PA3026	PA14_24940
PA3027	PA14_24920
PA3028	PA14_24910
PA3029	PA14_24900
PA3030	PA14_24890
PA3031	PA14_24880
PA3032	PA14_24860
PA3033	PA14_24850
PA3034	PA14_24840
PA3035	PA14_24830
PA3036	PA14_24820
PA3037	PA14_24810
PA3038	PA14_24790
PA3039	PA14_24780
PA3040	PA14_24770
PA3041	PA14_24760
PA3042	PA14_24740
PA3043	PA14_24730
PA3044	PA14_24720
PA3045	PA14_24710
PA3046	PA14_24700
PA3047	PA14_24690
PA3048	PA14_24675
PA3049	PA14_24650
PA3050	PA14_24640
PA3051	PA14_24630
PA3052	PA14_24620
PA3053	PA14_24610
PA3054	PA14_24600
PA3055	PA14_24590
PA3056	PA14_24580
PA3057	PA14_24570
PA3058	PA14_24560
PA3059	PA14_24550
PA3060	PA14_24530
PA3061	PA14_24510
PA3062	PA14_24500
PA3063	PA14_24490
PA3064	PA14_24480
PA3068	PA14_24445
PA3069	PA14_24440
PA3070	PA14_24430
PA3071	PA14_24420
PA3072	PA14_24410
PA3073	PA14_24400
PA3074	PA14_24390
PA3075	PA14_24380
PA3076	PA14_24370
PA3077	PA14_24350
PA3078	PA14_24340
PA3079	PA14_24330
PA3080	PA14_24310
PA3081	PA14_24300
PA3082	PA14_24290
PA3083	PA14_24270
PA3084	PA14_24260
PA3085	PA14_24245
PA3086	PA14_24240
PA3087	PA14_24230
PA3088	PA14_24220
PA3089	PA14_24210
PA3091	PA14_24180
PA3092	PA14_24170
PA3093	PA14_24150
PA3094	PA14_24140
PA3095	PA14_24100
PA3096	PA14_24080
PA3097	PA14_24070
PA3098	PA14_24060
PA3099	PA14_24050
PA3100	PA14_24040
PA3101	PA14_24020
PA3102	PA14_24010
PA3103	PA14_23990
PA3104	PA14_23980
PA3105	PA14_23970
PA3106	PA14_23950
PA3107	PA14_23930
PA3108	PA14_23920
PA3109	PA14_23900
PA3110	PA14_23890
PA3111	PA14_23880
PA3112	PA14_23860
PA3113	PA14_23850
PA3114	PA14_23840
PA3115	PA14_23830
PA3116	PA14_23810
PA3117	PA14_23800
PA3118	PA14_23790
PA3119	PA14_23770
PA3120	PA14_23760
PA3121	PA14_23750
PA3122	PA14_23730
PA3123	PA14_23720
PA3124	PA14_23700
PA3125	PA14_23690
PA3126	PA14_23680
PA3127	PA14_23670
PA3128	PA14_23650
PA3129	PA14_23640
PA3130	PA14_23630
PA3131	PA14_23620
PA3132	PA14_23610
PA3133	PA14_23590
PA3134	PA14_23560
PA3135	PA14_23540
PA3136	PA14_23530
PA3137	PA14_23520
PA3138	PA14_23510
PA3139	PA14_23500
PA3140	PA14_23480
PA3141	PA14_23470
PA3145	PA14_23460
PA3146	PA14_23450
PA3148	PA14_23370
PA3160	PA14_23360
PA3161	PA14_23340
PA3162	PA14_23330
PA3163	PA14_23320
PA3165	PA14_23290
PA3166	PA14_23280
PA3167	PA14_23270
PA3168	PA14_23260
PA3169	PA14_23250
PA3170	PA14_23240
PA3171	PA14_23220
PA3172	PA14_23210
PA3173	PA14_23200
PA3174	PA14_23190
PA3175	PA14_23170
PA3176	PA14_23160
PA3177	PA14_23130
PA3178	PA14_23120
PA3179	PA14_23110
PA3180	PA14_23100
PA3181	PA14_23090
PA3182	PA14_23080
PA3183	PA14_23070
PA3184	PA14_23060
PA3185	PA14_23050
PA3186	PA14_23030
PA3187	PA14_23010
PA3188	PA14_23000
PA3189	PA14_22990
PA3190	PA14_22980
PA3191	PA14_22960
PA3192	PA14_22940
PA3193	PA14_22930
PA3194	PA14_22910
PA3195	PA14_22890
PA3196	PA14_22870
PA3197	PA14_22860
PA3198	PA14_22840
PA3199	PA14_22830
PA3200	PA14_22820
PA3201	PA14_22800
PA3202	PA14_22780
PA3203	PA14_22770
PA3204	PA14_22760
PA3205	PA14_22740
PA3206	PA14_22730
PA3207	PA14_22720
PA3208	PA14_22710
PA3209	PA14_22700
PA3210	PA14_22690
PA3211	PA14_22680
PA3212	PA14_22670
PA3213	PA14_22660
PA3214	PA14_22650
PA3215	PA14_22640
PA3216	PA14_22630
PA3217	PA14_22620
PA3219	PA14_22590
PA3220	PA14_22580
PA3221	PA14_22570
PA3222	PA14_22560
PA3223	PA14_22490
PA3224	PA14_22480
PA3225	PA14_22470
PA3226	PA14_22460
PA3227	PA14_22450
PA3228	PA14_22440
PA3229	PA14_22420
PA3230	PA14_22410
PA3231	PA14_22400
PA3232	PA14_22380
PA3233	PA14_22370
PA3234	PA14_22350
PA3235	PA14_22340
PA3236	PA14_22330
PA3237	PA14_22320
PA3238	PA14_22310
PA3239	PA14_22290
PA3240	PA14_22075
PA3241	PA14_22060
PA3242	PA14_22050
PA3243	PA14_22040
PA3244	PA14_22020
PA3245	PA14_22010
PA3246	PA14_22000
PA3247	PA14_21990
PA3248	PA14_21980
PA3249	PA14_21970
PA3250	PA14_21960
PA3251	PA14_21940
PA3252	PA14_21930
PA3253	PA14_21920
PA3254	PA14_21910
PA3255	PA14_21900
PA3256	PA14_21890
PA3257	PA14_21880
PA3258	PA14_21870
PA3259	PA14_21860
PA3260	PA14_21850
PA3261	PA14_21840
PA3262	PA14_21820
PA3263	PA14_21790
PA3264	PA14_21780
PA3265	PA14_21770
PA3266	PA14_21760
PA3267	PA14_21750
PA3268	PA14_21730
PA3269	PA14_21720
PA3270	PA14_21710
PA3271	PA14_21700
PA3272	PA14_21690
PA3273	PA14_21680
PA3274	PA14_21670
PA3275	PA14_21660
PA3276	PA14_21650
PA3277	PA14_21640
PA3278	PA14_21630
PA3279	PA14_21620
PA3280	PA14_21610
PA3281	PA14_21600
PA3282	PA14_21590
PA3283	PA14_21580
PA3284	PA14_21570
PA3285	PA14_21550
PA3286	PA14_21540
PA3287	PA14_21530
PA3288	PA14_21520
PA3289	PA14_21510
PA3290	PA14_21490
PA3291	PA14_21480
PA3292	PA14_21470
PA3293	PA14_21460
PA3294	PA14_21450
PA3295	PA14_21440
PA3296	PA14_21410
PA3297	PA14_21400
PA3298	PA14_21380
PA3299	PA14_21370
PA3300	PA14_21340
PA3301	PA14_21320
PA3302	PA14_21310
PA3303	PA14_21300
PA3304	PA14_21290
PA3305	PA14_21280
PA3306	PA14_21250
PA3307	PA14_21240
PA3308	PA14_21230
PA3309	PA14_21220
PA3310	PA14_21210
PA3311	PA14_21190
PA3312	PA14_21180
PA3313	PA14_21175
PA3314	PA14_21160
PA3315	PA14_21150
PA3316	PA14_21140
PA3317	PA14_21130
PA3318	PA14_21120
PA3319	PA14_21110
PA3320	PA14_21090
PA3321	PA14_21080
PA3322	PA14_21070
PA3323	PA14_21060
PA3324	PA14_21050
PA3325	PA14_21040
PA3326	PA14_21030
PA3327	PA14_21020
PA3328	PA14_21010
PA3329	PA14_21000
PA3330	PA14_20980
PA3331	PA14_20970
PA3332	PA14_20960
PA3333	PA14_20950
PA3334	PA14_20940
PA3335	PA14_20920
PA3336	PA14_20900
PA3337	PA14_20890
PA3338	PA14_20880
PA3339	PA14_20870
PA3340	PA14_20860
PA3341	PA14_20850
PA3342	PA14_20840
PA3343	PA14_20820
PA3344	PA14_20810
PA3345	PA14_20800
PA3346	PA14_20780
PA3347	PA14_20770
PA3348	PA14_20760
PA3349	PA14_20750
PA3350	PA14_20740
PA3351	PA14_20730
PA3352	PA14_20720
PA3353	PA14_20700
PA3354	PA14_20690
PA3355	PA14_20680
PA3356	PA14_20670
PA3357	PA14_20650
PA3358	PA14_20640
PA3359	PA14_20630
PA3360	PA14_20620
PA3361	PA14_20610
PA3363	PA14_20590
PA3364	PA14_20580
PA3365	PA14_20570
PA3366	PA14_20560
PA3367	PA14_20550
PA3368	PA14_20491
PA3369	PA14_20480
PA3370	PA14_20470
PA3371	PA14_20460
PA3372	PA14_20450
PA3373	PA14_20440
PA3374	PA14_20430
PA3375	PA14_20420
PA3376	PA14_20400
PA3377	PA14_20390
PA3378	PA14_20380
PA3379	PA14_20370
PA3380	PA14_20360
PA3381	PA14_20350
PA3382	PA14_20330
PA3383	PA14_20320
PA3384	PA14_20300
PA3385	PA14_20290
PA3386	PA14_20280
PA3387	PA14_20270
PA3388	PA14_20260
PA3389	PA14_20240
PA3390	PA14_20250
PA3391	PA14_20230
PA3392	PA14_20200
PA3393	PA14_20190
PA3394	PA14_20180
PA3395	PA14_20170
PA3396	PA14_20150
PA3397	PA14_20140
PA3398	PA14_20130
PA3399	PA14_20120
PA3400	PA14_20110
PA3401	PA14_20100
PA3402	PA14_20080
PA3403	PA14_20070
PA3404	PA14_20050
PA3405	PA14_20040
PA3406	PA14_20030
PA3407	PA14_20020
PA3408	PA14_20010
PA3409	PA14_20000
PA3410	PA14_19990
PA3411	PA14_19970
PA3412	PA14_19960
PA3413	PA14_19950
PA3414	PA14_19940
PA3415	PA14_19920
PA3416	PA14_19910
PA3417	PA14_19900
PA3418	PA14_19870
PA3419	PA14_19860
PA3420	PA14_19850
PA3421	PA14_19830
PA3422	PA14_19810
PA3423	PA14_19800
PA3424	PA14_19770
PA3425	PA14_19750
PA3426	PA14_19740
PA3427	PA14_19730
PA3428	PA14_19720
PA3429	PA14_19710
PA3430	PA14_19700
PA3431	PA14_19690
PA3432	PA14_19680
PA3433	PA14_19670
PA3435	PA14_19660
PA3436	PA14_19650
PA3437	PA14_19640
PA3438	PA14_19630
PA3439	PA14_19620
PA3440	PA14_19610
PA3441	PA14_19590
PA3442	PA14_19580
PA3443	PA14_19570
PA3444	PA14_19560
PA3445	PA14_19540
PA3446	PA14_19530
PA3447	PA14_19520
PA3448	PA14_19510
PA3449	PA14_19500
PA3450	PA14_19490
PA3451	PA14_19480
PA3452	PA14_19470
PA3453	PA14_19450
PA3454	PA14_19430
PA3455	PA14_19410
PA3456	PA14_19400
PA3457	PA14_19390
PA3458	PA14_19380
PA3459	PA14_19370
PA3460	PA14_19360
PA3461	PA14_19350
PA3462	PA14_19340
PA3463	PA14_19330
PA3464	PA14_19320
PA3465	PA14_19310
PA3466	PA14_19290
PA3467	PA14_19270
PA3468	PA14_19230
PA3469	PA14_19210
PA3470	PA14_19205
PA3471	PA14_19190
PA3472	PA14_19170
PA3473	PA14_19160
PA3474	PA14_19150
PA3475	PA14_19140
PA3476	PA14_19130
PA3477	PA14_19120
PA3478	PA14_19110
PA3479	PA14_19100
PA3480	PA14_19090
PA3481	PA14_19065
PA3482	PA14_19050
PA3483	PA14_19030
PA3484	PA14_19020
PA3485	PA14_19010
PA3486	PA14_18985
PA3487	PA14_18970
PA3488	PA14_18960
PA3489	PA14_18950
PA3490	PA14_18930
PA3491	PA14_18920
PA3492	PA14_18910
PA3493	PA14_18900
PA3494	PA14_18890
PA3495	PA14_18880
PA3496	PA14_18870
PA3507	PA14_10840
PA3515	PA14_18860
PA3516	PA14_18850
PA3517	PA14_18830
PA3518	PA14_18820
PA3519	PA14_18810
PA3520	PA14_18800
PA3521	PA14_18790
PA3522	PA14_18780
PA3523	PA14_18760
PA3524	PA14_18750
PA3525	PA14_18740
PA3526	PA14_18720
PA3527	PA14_18710
PA3528	PA14_18700
PA3529	PA14_18690
PA3530	PA14_18680
PA3531	PA14_18670
PA3532	PA14_18660
PA3533	PA14_18650
PA3534	PA14_18640
PA3535	PA14_18630
PA3536	PA14_18620
PA3537	PA14_18610
PA3538	PA14_18600
PA3539	PA14_18590
PA3540	PA14_18580
PA3541	PA14_18565
PA3542	PA14_18550
PA3543	PA14_18520
PA3544	PA14_18510
PA3545	PA14_18500
PA3546	PA14_18480
PA3547	PA14_18470
PA3548	PA14_18450
PA3549	PA14_18430
PA3550	PA14_18410
PA3551	PA14_18380
PA3552	PA14_18370
PA3553	PA14_18360
PA3554	PA14_18350
PA3555	PA14_18340
PA3556	PA14_18330
PA3557	PA14_18320
PA3558	PA14_18310
PA3559	PA14_18300
PA3560	PA14_18275
PA3561	PA14_18260
PA3562	PA14_18250
PA3563	PA14_18230
PA3564	PA14_18210
PA3565	PA14_18200
PA3566	PA14_18180
PA3567	PA14_18160
PA3568	PA14_18150
PA3569	PA14_18140
PA3570	PA14_18120
PA3571	PA14_18110
PA3572	PA14_18100
PA3573	PA14_18090
PA3574	PA14_18080
PA3575	PA14_18060
PA3576	PA14_18050
PA3577	PA14_18040
PA3578	PA14_18020
PA3579	PA14_18010
PA3580	PA14_17990
PA3581	PA14_17980
PA3582	PA14_17960
PA3583	PA14_17940
PA3584	PA14_17930
PA3585	PA14_17920
PA3586	PA14_17910
PA3587	PA14_17900
PA3588	PA14_17890
PA3589	PA14_17880
PA3590	PA14_17860
PA3591	PA14_17850
PA3592	PA14_17820
PA3593	PA14_17810
PA3594	PA14_17790
PA3595	PA14_17780
PA3596	PA14_17760
PA3597	PA14_17740
PA3598	PA14_17730
PA3599	PA14_17720
PA3600	PA14_17710
PA3601	PA14_17700
PA3602	PA14_17690
PA3603	PA14_17675
PA3604	PA14_17670
PA3605	PA14_17660
PA3606	PA14_17650
PA3607	PA14_17640
PA3608	PA14_17630
PA3609	PA14_17620
PA3610	PA14_17610
PA3611	PA14_17600
PA3612	PA14_17590
PA3613	PA14_17580
PA3614	PA14_17570
PA3615	PA14_17550
PA3616	PA14_17540
PA3617	PA14_17530
PA3618	PA14_17520
PA3619	PA14_17510
PA3620	PA14_17500
PA3621	PA14_17490
PA3622	PA14_17480
PA3623	PA14_17470
PA3624	PA14_17460
PA3625	PA14_17450
PA3626	PA14_17440
PA3627	PA14_17420
PA3628	PA14_17410
PA3629	PA14_17400
PA3630	PA14_17380
PA3631	PA14_17370
PA3632	PA14_17350
PA3633	PA14_17340
PA3634	PA14_17330
PA3635	PA14_17320
PA3636	PA14_17310
PA3637	PA14_17290
PA3638	PA14_17280
PA3639	PA14_17270
PA3640	PA14_17260
PA3641	PA14_17250
PA3642	PA14_17230
PA3643	PA14_17220
PA3644	PA14_17210
PA3645	PA14_17190
PA3646	PA14_17180
PA3647	PA14_17170
PA3648	PA14_17150
PA3649	PA14_17140
PA3650	PA14_17130
PA3651	PA14_17120
PA3652	PA14_17110
PA3653	PA14_17100
PA3654	PA14_17080
PA3655	PA14_17070
PA3656	PA14_17060
PA3657	PA14_17050
PA3658	PA14_17040
PA3659	PA14_17030
PA3660	PA14_17010
PA3661	PA14_17000
PA3662	PA14_16990
PA3663	PA14_16980
PA3664	PA14_16970
PA3665	PA14_16960
PA3666	PA14_16950
PA3667	PA14_16930
PA3668	PA14_16920
PA3669	PA14_16910
PA3670	PA14_16890
PA3671	PA14_16880
PA3672	PA14_16870
PA3673	PA14_16860
PA3674	PA14_16840
PA3675	PA14_16830
PA3676	PA14_16820
PA3677	PA14_16800
PA3678	PA14_16790
PA3679	PA14_16780
PA3680	PA14_16770
PA3681	PA14_16750
PA3682	PA14_16740
PA3683	PA14_16730
PA3684	PA14_16720
PA3685	PA14_16710
PA3686	PA14_16700
PA3687	PA14_16690
PA3688	PA14_16680
PA3689	PA14_16670
PA3690	PA14_16660
PA3691	PA14_16640
PA3692	PA14_16630
PA3693	PA14_16620
PA3694	PA14_16610
PA3695	PA14_16600
PA3696	PA14_16590
PA3697	PA14_16580
PA3698	PA14_16560
PA3699	PA14_16550
PA3700	PA14_16530
PA3702	PA14_16500
PA3703	PA14_16480
PA3704	PA14_16470
PA3705	PA14_16460
PA3706	PA14_16450
PA3707	PA14_16440
PA3708	PA14_16430
PA3709	PA14_16410
PA3710	PA14_16390
PA3711	PA14_16380
PA3712	PA14_16370
PA3713	PA14_16360
PA3714	PA14_16350
PA3715	PA14_16340
PA3716	PA14_16330
PA3717	PA14_16320
PA3718	PA14_16310
PA3719	PA14_16300
PA3720	PA14_16290
PA3721	PA14_16280
PA3722	PA14_16270
PA3723	PA14_16260
PA3724	PA14_16250
PA3725	PA14_16220
PA3726	PA14_16210
PA3727	PA14_16200
PA3728	PA14_16190
PA3729	PA14_16180
PA3730	PA14_16160
PA3731	PA14_16150
PA3732	PA14_16140
PA3733	PA14_16130
PA3734	PA14_16100
PA3735	PA14_16090
PA3736	PA14_16070
PA3737	PA14_16050
PA3738	PA14_16040
PA3739	PA14_16030
PA3740	PA14_16020
PA3741	PA14_16010
PA3742	PA14_16000
PA3743	PA14_15990
PA3744	PA14_15980
PA3745	PA14_15970
PA3746	PA14_15960
PA3747	PA14_15940
PA3748	PA14_15930
PA3749	PA14_15920
PA3750	PA14_15910
PA3751	PA14_15890
PA3752	PA14_15880
PA3753	PA14_15870
PA3754	PA14_15860
PA3755	PA14_15850
PA3756	PA14_15840
PA3757	PA14_15830
PA3758	PA14_15820
PA3759	PA14_15810
PA3760	PA14_15790
PA3761	PA14_15780
PA3762	PA14_15770
PA3763	PA14_15740
PA3764	PA14_15720
PA3765	PA14_15710
PA3766	PA14_15700
PA3767	PA14_15680
PA3768	PA14_15670
PA3769	PA14_15340
PA3770	PA14_15310
PA3771	PA14_15290
PA3772	PA14_15280
PA3773	PA14_15270
PA3774	PA14_15260
PA3775	PA14_15250
PA3776	PA14_15240
PA3777	PA14_15230
PA3778	PA14_15210
PA3779	PA14_15200
PA3780	PA14_15190
PA3781	PA14_15180
PA3782	PA14_15150
PA3783	PA14_15140
PA3784	PA14_15130
PA3785	PA14_15120
PA3786	PA14_15110
PA3787	PA14_15100
PA3788	PA14_15090
PA3789	PA14_15080
PA3790	PA14_15070
PA3791	PA14_15050
PA3792	PA14_15030
PA3793	PA14_15020
PA3794	PA14_15000
PA3795	PA14_14990
PA3796	PA14_14975
PA3797	PA14_14960
PA3798	PA14_14940
PA3799	PA14_14930
PA3800	PA14_14910
PA3801	PA14_14900
PA3802	PA14_14890
PA3803	PA14_14880
PA3804	PA14_14860
PA3805	PA14_14850
PA3806	PA14_14830
PA3807	PA14_14820
PA3808	PA14_14810
PA3809	PA14_14800
PA3810	PA14_14780
PA3811	PA14_14770
PA3812	PA14_14750
PA3813	PA14_14740
PA3814	PA14_14730
PA3815	PA14_14710
PA3816	PA14_14700
PA3817	PA14_14690
PA3818	PA14_14680
PA3819	PA14_14660
PA3820	PA14_14650
PA3821	PA14_14630
PA3822	PA14_14610
PA3823	PA14_14600
PA3824	PA14_14590
PA3825	PA14_14530
PA3826	PA14_14520
PA3827	PA14_14510
PA3828	PA14_14500
PA3829	PA14_14490
PA3830	PA14_14480
PA3831	PA14_14470
PA3832	PA14_14460
PA3833	PA14_14450
PA3834	PA14_14440
PA3835	PA14_14430
PA3836	PA14_14390
PA3837	PA14_14380
PA3838	PA14_14370
PA3839	PA14_14360
PA3840	PA14_14340
PA3842	PA14_14330
PA3844	PA14_14290
PA3845	PA14_14280
PA3846	PA14_14270
PA3847	PA14_14250
PA3848	PA14_14230
PA3849	PA14_14220
PA3850	PA14_14210
PA3851	PA14_14200
PA3852	PA14_14170
PA3853	PA14_14160
PA3854	PA14_14150
PA3855	PA14_14140
PA3856	PA14_14130
PA3857	PA14_14110
PA3858	PA14_14100
PA3859	PA14_14080
PA3860	PA14_14060
PA3861	PA14_14040
PA3862	PA14_14020
PA3863	PA14_14010
PA3864	PA14_14000
PA3865	PA14_13990
PA3865.1	PA14_13950
PA3866	PA14_13940
PA3867	PA14_15430
PA3868	PA14_13890
PA3869	PA14_13870
PA3870	PA14_13850
PA3871	PA14_13840
PA3872	PA14_13830
PA3873	PA14_13810
PA3874	PA14_13800
PA3875	PA14_13780
PA3876	PA14_13770
PA3877	PA14_13750
PA3878	PA14_13740
PA3879	PA14_13730
PA3880	PA14_13720
PA3881	PA14_13710
PA3882	PA14_13690
PA3883	PA14_13680
PA3884	PA14_13670
PA3885	PA14_13660
PA3886	PA14_13650
PA3887	PA14_13620
PA3888	PA14_13610
PA3889	PA14_13600
PA3890	PA14_13590
PA3891	PA14_13580
PA3892	PA14_13560
PA3893	PA14_13530
PA3894	PA14_13520
PA3895	PA14_13510
PA3896	PA14_13500
PA3897	PA14_13490
PA3898	PA14_13470
PA3899	PA14_13460
PA3900	PA14_13450
PA3901	PA14_13430
PA3902	PA14_13420
PA3903	PA14_13410
PA3904	PA14_13390
PA3905	PA14_13380
PA3906	PA14_13370
PA3907	PA14_13360
PA3908	PA14_13350
PA3909	PA14_13340
PA3910	PA14_13330
PA3911	PA14_13320
PA3912	PA14_13300
PA3913	PA14_13290
PA3914	PA14_13280
PA3915	PA14_13260
PA3916	PA14_13250
PA3917	PA14_13240
PA3918	PA14_13230
PA3919	PA14_13190
PA3920	PA14_13170
PA3921	PA14_13150
PA3922	PA14_13140
PA3923	PA14_13130
PA3924	PA14_13110
PA3925	PA14_13090
PA3926	PA14_13070
PA3927	PA14_13060
PA3928	PA14_13050
PA3929	PA14_13040
PA3930	PA14_13030
PA3931	PA14_13010
PA3932	PA14_13000
PA3933	PA14_12990
PA3934	PA14_12980
PA3935	PA14_12970
PA3936	PA14_12960
PA3937	PA14_12940
PA3938	PA14_12920
PA3939	PA14_12910
PA3940	PA14_12900
PA3941	PA14_12890
PA3942	PA14_12870
PA3943	PA14_12860
PA3944	PA14_12850
PA3945	PA14_12840
PA3946	PA14_12820
PA3947	PA14_12810
PA3948	PA14_12780
PA3949	PA14_12770
PA3950	PA14_12760
PA3951	PA14_12750
PA3952	PA14_12740
PA3953	PA14_12730
PA3954	PA14_12710
PA3955	PA14_12700
PA3956	PA14_12690
PA3957	PA14_12680
PA3958	PA14_12670
PA3959	PA14_12650
PA3960	PA14_12640
PA3961	PA14_12630
PA3962	PA14_12620
PA3963	PA14_12610
PA3964	PA14_12590
PA3965	PA14_12570
PA3966	PA14_12560
PA3967	PA14_12550
PA3968	PA14_12540
PA3969	PA14_12530
PA3970	PA14_12490
PA3971	PA14_12470
PA3972	PA14_12450
PA3973	PA14_12440
PA3975	PA14_12410
PA3976	PA14_12400
PA3977	PA14_12390
PA3978	PA14_12370
PA3979	PA14_12360
PA3980	PA14_12350
PA3981	PA14_12330
PA3982	PA14_12310
PA3983	PA14_12300
PA3984	PA14_12280
PA3985	PA14_12270
PA3986	PA14_12260
PA3987	PA14_12230
PA3988	PA14_12210
PA3989	PA14_12200
PA3990	PA14_12180
PA3991	PA14_12170
PA3992	PA14_12160
PA3994	PA14_12150
PA3995	PA14_12140
PA3996	PA14_12130
PA3997	PA14_12120
PA3998	PA14_12110
PA3999	PA14_12100
PA4000	PA14_12090
PA4001	PA14_12080
PA4002	PA14_12070
PA4003	PA14_12060
PA4004	PA14_12050
PA4005	PA14_12030
PA4006	PA14_12020
PA4007	PA14_12010
PA4008	PA14_11990
PA4009	PA14_11980
PA4010	PA14_11970
PA4011	PA14_11960
PA4012	PA14_11940
PA4013	PA14_11930
PA4014	PA14_11920
PA4015	PA14_11910
PA4016	PA14_11900
PA4017	PA14_11890
PA4018	PA14_11880
PA4019	PA14_11860
PA4020	PA14_11845
PA4021	PA14_11830
PA4022	PA14_11810
PA4023	PA14_11790
PA4024	PA14_11770
PA4025	PA14_11760
PA4026	PA14_11750
PA4027	PA14_11740
PA4029	PA14_11720
PA4030	PA14_11700
PA4031	PA14_11690
PA4032	PA14_11680
PA4033	PA14_11670
PA4034	PA14_11660
PA4035	PA14_11650
PA4036	PA14_11630
PA4037	PA14_11620
PA4038	PA14_11610
PA4039	PA14_11600
PA4040	PA14_11590
PA4041	PA14_11580
PA4042	PA14_11570
PA4043	PA14_11560
PA4044	PA14_11550
PA4045	PA14_11530
PA4046	PA14_11520
PA4047	PA14_11510
PA4048	PA14_11490
PA4049	PA14_11480
PA4050	PA14_11470
PA4051	PA14_11460
PA4052	PA14_11450
PA4053	PA14_11430
PA4054	PA14_11420
PA4055	PA14_11410
PA4056	PA14_11400
PA4057	PA14_11380
PA4058	PA14_11370
PA4060	PA14_11350
PA4061	PA14_11340
PA4062	PA14_11330
PA4063	PA14_11320
PA4064	PA14_11310
PA4065	PA14_11290
PA4066	PA14_11280
PA4067	PA14_11270
PA4068	PA14_11260
PA4069	PA14_11250
PA4070	PA14_11240
PA4071	PA14_11230
PA4072	PA14_11210
PA4073	PA14_11190
PA4074	PA14_11180
PA4075	PA14_11170
PA4076	PA14_11160
PA4077	PA14_11150
PA4078	PA14_11140
PA4079	PA14_11130
PA4080	PA14_11120
PA4081	PA14_11110
PA4082	PA14_11100
PA4083	PA14_11090
PA4084	PA14_11080
PA4085	PA14_11070
PA4086	PA14_11060
PA4087	PA14_11050
PA4088	PA14_11030
PA4089	PA14_11020
PA4090	PA14_11010
PA4091	PA14_11000
PA4092	PA14_10990
PA4093	PA14_10950
PA4094	PA14_10940
PA4095	PA14_10920
PA4096	PA14_10910
PA4097	PA14_10900
PA4098	PA14_10890
PA4099	PA14_10870
PA4100	PA14_10850
PA4108	PA14_10820
PA4109	PA14_10800
PA4110	PA14_10790
PA4111	PA14_10780
PA4112	PA14_10770
PA4113	PA14_10750
PA4114	PA14_10740
PA4115	PA14_10730
PA4116	PA14_10710
PA4117	PA14_10700
PA4118	PA14_10680
PA4119	PA14_10670
PA4120	PA14_10660
PA4121	PA14_10650
PA4122	PA14_10640
PA4123	PA14_10630
PA4124	PA14_10620
PA4125	PA14_10610
PA4126	PA14_10600
PA4127	PA14_10590
PA4128	PA14_10570
PA4129	PA14_10560
PA4130	PA14_10550
PA4131	PA14_10540
PA4132	PA14_10530
PA4133	PA14_10500
PA4134	PA14_10490
PA4135	PA14_10480
PA4136	PA14_10470
PA4137	PA14_10440
PA4138	PA14_10420
PA4139	PA14_10380
PA4140	PA14_10370
PA4141	PA14_10360
PA4142	PA14_10350
PA4143	PA14_10340
PA4144	PA14_10330
PA4145	PA14_10320
PA4147	PA14_10290
PA4148	PA14_10280
PA4149	PA14_10270
PA4150	PA14_10260
PA4151	PA14_10250
PA4152	PA14_10240
PA4153	PA14_10230
PA4154	PA14_10220
PA4155	PA14_10210
PA4156	PA14_10200
PA4157	PA14_10190
PA4158	PA14_10180
PA4159	PA14_10170
PA4160	PA14_10160
PA4161	PA14_10140
PA4162	PA14_10130
PA4163	PA14_10040
PA4164	PA14_10020
PA4165	PA14_10010
PA4166	PA14_09990
PA4167	PA14_09980
PA4168	PA14_09970
PA4169	PA14_09960
PA4170	PA14_09950
PA4171	PA14_09940
PA4172	PA14_09930
PA4173	PA14_09920
PA4174	PA14_09910
PA4175	PA14_09900
PA4176	PA14_09890
PA4177	PA14_09880
PA4178	PA14_09870
PA4179	PA14_09850
PA4180	PA14_09820
PA4181	PA14_09810
PA4182	PA14_09790
PA4183	PA14_09780
PA4184	PA14_09770
PA4185	PA14_09760
PA4186	PA14_09750
PA4187	PA14_09740
PA4188	PA14_09730
PA4189	PA14_09710
PA4190	PA14_09700
PA4196	PA14_09690
PA4197	PA14_09680
PA4198	PA14_09660
PA4199	PA14_09630
PA4200	PA14_09610
PA4201	PA14_09600
PA4202	PA14_09580
PA4203	PA14_09570
PA4204	PA14_09550
PA4205	PA14_09540
PA4206	PA14_09530
PA4207	PA14_09520
PA4208	PA14_09500
PA4209	PA14_09490
PA4210	PA14_09480
PA4211	PA14_09470
PA4212	PA14_39945
PA4213	PA14_09450
PA4214	PA14_09440
PA4215	PA14_09420
PA4215	PA14_39890
PA4216	PA14_09410
PA4217	PA14_09400
PA4218	PA14_09380
PA4219	PA14_09370
PA4220	PA14_09350
PA4221	PA14_09340
PA4222	PA14_09320
PA4223	PA14_09300
PA4224	PA14_09290
PA4225	PA14_09280
PA4226	PA14_09270
PA4227	PA14_09260
PA4228	PA14_09240
PA4229	PA14_09230
PA4230	PA14_09220
PA4231	PA14_09210
PA4232	PA14_09200
PA4233	PA14_09195
PA4234	PA14_09180
PA4235	PA14_09160
PA4236	PA14_09150
PA4237	PA14_09130
PA4238	PA14_09115
PA4239	PA14_09100
PA4240	PA14_09090
PA4241	PA14_09080
PA4242	PA14_09070
PA4243	PA14_09050
PA4244	PA14_09040
PA4245	PA14_09030
PA4246	PA14_09020
PA4247	PA14_09010
PA4248	PA14_09000
PA4249	PA14_08990
PA4250	PA14_08980
PA4251	PA14_08970
PA4252	PA14_08960
PA4253	PA14_08950
PA4254	PA14_08940
PA4255	PA14_08930
PA4256	PA14_08920
PA4257	PA14_08910
PA4258	PA14_08900
PA4259	PA14_08890
PA4260	PA14_08880
PA4261	PA14_08870
PA4262	PA14_08860
PA4263	PA14_08850
PA4264	PA14_08840
PA4265	PA14_08830
PA4266	PA14_08820
PA4267	PA14_08810
PA4268	PA14_08790
PA4269	PA14_08780
PA4270	PA14_08760
PA4271	PA14_08750
PA4272	PA14_08740
PA4273	PA14_08730
PA4274	PA14_08720
PA4275	PA14_08710
PA4276	PA14_08695
PA4277	PA14_08680
PA4278	PA14_08640
PA4279	PA14_08630
PA4280	PA14_08620
PA4281	PA14_55640
PA4282	PA14_55650
PA4283	PA14_55660
PA4284	PA14_55670
PA4285	PA14_55690
PA4286	PA14_55710
PA4287	PA14_55720
PA4288	PA14_55730
PA4289	PA14_55740
PA4290	PA14_55750
PA4291	PA14_55760
PA4292	PA14_55770
PA4293	PA14_55780
PA4294	PA14_55790
PA4295	PA14_55800
PA4296	PA14_55810
PA4297	PA14_55820
PA4298	PA14_55840
PA4299	PA14_55850
PA4300	PA14_55860
PA4301	PA14_55880
PA4302	PA14_55890
PA4303	PA14_55900
PA4304	PA14_55920
PA4305	PA14_55930
PA4306	PA14_55940
PA4307	PA14_55960
PA4308	PA14_55980
PA4309	PA14_56000
PA4310	PA14_56010
PA4311	PA14_56030
PA4312	PA14_56040
PA4313	PA14_56050
PA4314	PA14_56060
PA4315	PA14_56070
PA4316	PA14_56080
PA4317	PA14_56090
PA4318	PA14_56100
PA4319	PA14_56110
PA4320	PA14_56130
PA4321	PA14_56140
PA4322	PA14_56160
PA4323	PA14_56170
PA4324	PA14_56180
PA4325	PA14_56190
PA4326	PA14_56200
PA4327	PA14_56210
PA4328	PA14_56220
PA4329	PA14_56240
PA4330	PA14_56250
PA4331	PA14_56260
PA4332	PA14_56280
PA4333	PA14_56300
PA4334	PA14_56340
PA4335	PA14_56360
PA4336	PA14_56370
PA4337	PA14_56380
PA4338	PA14_56390
PA4339	PA14_56410
PA4340	PA14_56420
PA4341	PA14_56430
PA4342	PA14_56450
PA4343	PA14_56470
PA4344	PA14_56480
PA4345	PA14_56510
PA4346	PA14_56520
PA4347	PA14_56530
PA4348	PA14_56540
PA4349	PA14_56550
PA4350	PA14_56560
PA4351	PA14_56570
PA4352	PA14_56590
PA4353	PA14_56600
PA4354	PA14_56620
PA4355	PA14_56640
PA4356	PA14_56660
PA4357	PA14_56670
PA4358	PA14_56680
PA4359	PA14_56690
PA4360	PA14_56700
PA4361	PA14_56720
PA4362	PA14_56730
PA4363	PA14_56740
PA4364	PA14_56750
PA4365	PA14_56770
PA4366	PA14_56780
PA4367	PA14_56790
PA4368	PA14_56800
PA4369	PA14_56810
PA4370	PA14_56830
PA4371	PA14_56840
PA4372	PA14_56850
PA4373	PA14_56870
PA4374	PA14_56880
PA4375	PA14_56890
PA4376	PA14_56900
PA4377	PA14_56910
PA4378	PA14_56920
PA4379	PA14_56930
PA4380	PA14_56940
PA4381	PA14_56950
PA4382	PA14_56960
PA4383	PA14_56980
PA4384	PA14_56990
PA4385	PA14_57010
PA4386	PA14_57020
PA4387	PA14_57030
PA4388	PA14_57040
PA4389	PA14_57050
PA4390	PA14_57060
PA4391	PA14_57070
PA4392	PA14_57080
PA4393	PA14_57100
PA4394	PA14_57110
PA4395	PA14_57130
PA4396	PA14_57140
PA4397	PA14_57160
PA4398	PA14_57170
PA4399	PA14_57180
PA4400	PA14_57190
PA4401	PA14_57200
PA4402	PA14_57210
PA4403	PA14_57220
PA4404	PA14_57240
PA4405	PA14_57250
PA4406	PA14_57260
PA4407	PA14_57275
PA4408	PA14_57290
PA4409	PA14_57300
PA4410	PA14_57320
PA4411	PA14_57330
PA4412	PA14_57340
PA4413	PA14_57360
PA4414	PA14_57370
PA4415	PA14_57380
PA4416	PA14_57390
PA4417	PA14_57410
PA4418	PA14_57425
PA4419	PA14_57440
PA4420	PA14_57450
PA4421	PA14_57460
PA4422	PA14_57470
PA4423	PA14_57480
PA4424	PA14_57490
PA4425	PA14_57500
PA4426	PA14_57510
PA4427	PA14_57520
PA4428	PA14_57530
PA4429	PA14_57540
PA4430	PA14_57560
PA4431	PA14_57570
PA4432	PA14_57580
PA4433	PA14_57590
PA4434	PA14_57600
PA4436	PA14_57630
PA4437	PA14_57640
PA4438	PA14_57650
PA4439	PA14_57670
PA4440	PA14_57680
PA4441	PA14_57690
PA4442	PA14_57710
PA4443	PA14_57720
PA4444	PA14_57730
PA4445	PA14_57740
PA4446	PA14_57760
PA4447	PA14_57770
PA4448	PA14_57780
PA4449	PA14_57800
PA4450	PA14_57810
PA4451	PA14_57820
PA4452	PA14_57830
PA4453	PA14_57840
PA4454	PA14_57850
PA4455	PA14_57870
PA4456	PA14_57880
PA4457	PA14_57890
PA4458	PA14_57900
PA4459	PA14_57910
PA4460	PA14_57920
PA4461	PA14_57930
PA4462	PA14_57940
PA4463	PA14_57950
PA4464	PA14_57960
PA4465	PA14_57970
PA4466	PA14_57980
PA4467	PA14_57990
PA4468	PA14_58000
PA4469	PA14_58010
PA4470	PA14_58030
PA4471	PA14_58040
PA4472	PA14_58050
PA4473	PA14_58060
PA4474	PA14_58070
PA4475	PA14_58080
PA4476	PA14_58090
PA4477	PA14_58100
PA4478	PA14_58110
PA4479	PA14_58120
PA4480	PA14_58130
PA4481	PA14_58150
PA4482	PA14_58170
PA4483	PA14_58180
PA4484	PA14_58190
PA4485	PA14_58210
PA4486	PA14_58220
PA4487	PA14_58230
PA4488	PA14_58240
PA4489	PA14_58250
PA4490	PA14_58260
PA4491	PA14_58270
PA4492	PA14_58290
PA4493	PA14_58300
PA4494	PA14_58320
PA4495	PA14_58330
PA4496	PA14_58350
PA4497	PA14_58360
PA4498	PA14_58375
PA4499	PA14_58380
PA4500	PA14_58390
PA4501	PA14_58410
PA4502	PA14_58420
PA4503	PA14_58440
PA4504	PA14_58450
PA4505	PA14_58470
PA4506	PA14_58490
PA4507	PA14_58500
PA4508	PA14_58510
PA4509	PA14_58515
PA4510	PA14_58530
PA4511	PA14_58540
PA4512	PA14_58550
PA4513	PA14_58560
PA4514	PA14_58570
PA4515	PA14_58580
PA4516	PA14_58600
PA4517	PA14_58610
PA4518	PA14_58620
PA4519	PA14_58630
PA4520	PA14_58650
PA4521	PA14_58660
PA4522	PA14_58670
PA4523	PA14_58690
PA4524	PA14_58700
PA4525	PA14_58730
PA4526	PA14_58750
PA4528	PA14_58770
PA4529	PA14_58780
PA4530	PA14_58790
PA4531	PA14_58800
PA4532	PA14_58810
PA4533	PA14_58820
PA4534	PA14_58830
PA4535	PA14_58840
PA4536	PA14_58850
PA4537	PA14_58860
PA4538	PA14_58870
PA4539	PA14_58880
PA4540	PA14_58890
PA4542	PA14_60190
PA4543	PA14_60200
PA4544	PA14_60210
PA4545	PA14_60230
PA4546	PA14_60250
PA4547	PA14_60260
PA4548	PA14_60270
PA4550	PA14_60280
PA4552	PA14_60290
PA4553	PA14_60300
PA4554	PA14_60310
PA4556	PA14_60320
PA4557	PA14_60330
PA4558	PA14_60350
PA4559	PA14_60360
PA4560	PA14_60370
PA4561	PA14_60380
PA4562	PA14_60390
PA4563	PA14_60400
PA4564	PA14_60410
PA4565	PA14_60420
PA4566	PA14_60445
PA4567	PA14_60450
PA4568	PA14_60460
PA4569	PA14_60470
PA4570	PA14_60480
PA4571	PA14_60490
PA4572	PA14_60500
PA4573	PA14_60520
PA4574	PA14_60530
PA4575	PA14_60540
PA4576	PA14_60550
PA4577	PA14_60560
PA4578	PA14_60570
PA4579	PA14_60580
PA4580	PA14_60590
PA4581	PA14_60600
PA4582	PA14_60630
PA4583	PA14_60650
PA4584	PA14_60660
PA4585	PA14_60670
PA4586	PA14_60690
PA4587	PA14_60700
PA4588	PA14_60710
PA4589	PA14_60730
PA4590	PA14_60750
PA4591	PA14_60760
PA4592	PA14_60770
PA4593	PA14_60780
PA4594	PA14_60790
PA4595	PA14_60800
PA4596	PA14_60810
PA4597	PA14_60820
PA4598	PA14_60830
PA4599	PA14_60850
PA4600	PA14_60860
PA4601	PA14_60870
PA4602	PA14_60890
PA4603	PA14_60900
PA4604	PA14_60920
PA4605	PA14_60930
PA4606	PA14_60950
PA4607	PA14_60960
PA4608	PA14_60970
PA4609	PA14_60990
PA4610	PA14_61000
PA4611	PA14_61010
PA4612	PA14_61020
PA4613	PA14_61040
PA4614	PA14_61050
PA4615	PA14_61060
PA4616	PA14_61080
PA4617	PA14_61090
PA4618	PA14_61120
PA4619	PA14_61130
PA4620	PA14_61140
PA4621	PA14_61150
PA4622	PA14_61170
PA4624	PA14_61190
PA4625	PA14_61200
PA4626	PA14_61210
PA4627	PA14_61220
PA4628	PA14_61250
PA4629	PA14_61260
PA4630	PA14_61270
PA4631	PA14_61280
PA4632	PA14_61290
PA4633	PA14_61300
PA4634	PA14_61320
PA4635	PA14_61330
PA4636	PA14_61360
PA4637	PA14_61370
PA4639	PA14_61390
PA4640	PA14_61400
PA4642	PA14_61430
PA4643	PA14_61440
PA4644	PA14_61450
PA4645	PA14_61460
PA4646	PA14_61470
PA4647	PA14_61480
PA4648	PA14_61500
PA4649	PA14_61510
PA4650	PA14_61520
PA4651	PA14_61530
PA4652	PA14_61540
PA4653	PA14_61550
PA4654	PA14_61560
PA4655	PA14_61580
PA4656	PA14_61590
PA4657	PA14_61600
PA4658	PA14_61610
PA4659	PA14_61620
PA4660	PA14_61640
PA4661	PA14_61650
PA4662	PA14_61660
PA4663	PA14_61670
PA4664	PA14_61680
PA4665	PA14_61700
PA4666	PA14_61710
PA4667	PA14_61720
PA4668	PA14_61740
PA4669	PA14_61750
PA4670	PA14_61770
PA4671	PA14_61780
PA4672	PA14_61790
PA4673	PA14_61820
PA4674	PA14_61840
PA4675	PA14_61850
PA4676	PA14_61860
PA4677	PA14_61870
PA4678	PA14_61880
PA4679	PA14_61890
PA4680	PA14_61910
PA4681	PA14_61920
PA4682	PA14_61940
PA4683	PA14_61950
PA4684	PA14_61960
PA4685	PA14_61980
PA4686	PA14_61990
PA4687	PA14_62000
PA4688	PA14_62010
PA4689	PA14_62020
PA4691	PA14_62100
PA4692	PA14_62110
PA4693	PA14_62120
PA4694	PA14_62130
PA4695	PA14_62150
PA4696	PA14_62160
PA4697	PA14_62170
PA4698	PA14_62180
PA4699	PA14_62190
PA4700	PA14_62200
PA4701	PA14_62230
PA4702	PA14_62240
PA4703	PA14_62250
PA4704	PA14_62260
PA4705	PA14_62270
PA4706	PA14_62280
PA4707	PA14_62290
PA4708	PA14_62300
PA4709	PA14_62330
PA4710	PA14_62350
PA4711	PA14_62360
PA4712	PA14_62370
PA4713	PA14_62380
PA4714	PA14_62390
PA4715	PA14_62400
PA4716	PA14_62410
PA4717	PA14_62420
PA4718	PA14_62430
PA4719	PA14_62440
PA4720	PA14_62450
PA4721	PA14_62470
PA4722	PA14_62480
PA4723	PA14_62490
PA4724	PA14_62510
PA4724.1	PA14_62520
PA4725	PA14_62530
PA4726	PA14_62540
PA4727	PA14_62560
PA4728	PA14_62570
PA4729	PA14_62580
PA4730	PA14_62590
PA4731	PA14_62600
PA4732	PA14_62620
PA4733	PA14_62630
PA4734	PA14_62640
PA4735	PA14_62650
PA4736	PA14_62660
PA4737	PA14_62670
PA4738	PA14_62680
PA4739	PA14_62690
PA4740	PA14_62710
PA4741	PA14_62720
PA4742	PA14_62730
PA4743	PA14_62740
PA4744	PA14_62760
PA4745	PA14_62770
PA4746	PA14_62780
PA4747	PA14_62810
PA4748	PA14_62830
PA4749	PA14_62840
PA4750	PA14_62850
PA4751	PA14_62860
PA4752	PA14_62870
PA4753	PA14_62880
PA4754	PA14_62890
PA4755	PA14_62900
PA4756	PA14_62910
PA4757	PA14_62920
PA4758	PA14_62930
PA4759	PA14_62940
PA4760	PA14_62960
PA4761	PA14_62970
PA4762	PA14_62990
PA4763	PA14_63010
PA4764	PA14_63020
PA4765	PA14_63030
PA4766	PA14_63040
PA4767	PA14_63050
PA4768	PA14_63060
PA4769	PA14_63070
PA4770	PA14_63080
PA4771	PA14_63090
PA4772	PA14_63100
PA4773	PA14_63110
PA4774	PA14_63120
PA4775	PA14_63130
PA4776	PA14_63150
PA4777	PA14_63160
PA4778	PA14_63170
PA4779	PA14_63190
PA4780	PA14_63200
PA4781	PA14_63210
PA4782	PA14_63220
PA4783	PA14_63230
PA4784	PA14_63240
PA4785	PA14_63250
PA4786	PA14_63270
PA4787	PA14_63280
PA4788	PA14_63290
PA4789	PA14_63300
PA4790	PA14_63310
PA4791	PA14_63320
PA4792	PA14_63330
PA4793	PA14_63340
PA4794	PA14_63350
PA4795	PA14_63360
PA4796	PA14_63370
PA4798	PA14_63380
PA4799	PA14_63390
PA4800	PA14_63410
PA4801	PA14_63430
PA4803	PA14_63470
PA4804	PA14_63480
PA4805	PA14_63500
PA4806	PA14_63520
PA4807	PA14_63530
PA4808	PA14_63540
PA4809	PA14_63550
PA4810	PA14_63570
PA4811	PA14_63580
PA4813	PA14_63620
PA4814	PA14_63640
PA4815	PA14_63650
PA4816	PA14_63660
PA4817	PA14_63680
PA4818	PA14_63700
PA4819	PA14_63710
PA4820	PA14_63720
PA4821	PA14_63730
PA4822	PA14_63750
PA4823	PA14_63770
PA4824	PA14_63780
PA4825	PA14_63800
PA4826	PA14_63820
PA4827	PA14_63830
PA4828	PA14_63840
PA4829	PA14_63850
PA4830	PA14_63860
PA4831	PA14_63880
PA4832	PA14_63890
PA4833	PA14_63900
PA4834	PA14_63910
PA4835	PA14_63920
PA4836	PA14_63940
PA4837	PA14_63960
PA4838	PA14_63970
PA4839	PA14_63990
PA4840	PA14_64000
PA4841	PA14_64010
PA4842	PA14_64030
PA4843	PA14_64050
PA4844	PA14_64060
PA4845	PA14_64080
PA4846	PA14_64090
PA4847	PA14_64100
PA4848	PA14_64110
PA4849	PA14_64120
PA4850	PA14_64140
PA4851	PA14_64170
PA4852	PA14_64180
PA4853	PA14_64190
PA4854	PA14_64200
PA4855	PA14_64220
PA4856	PA14_64230
PA4857	PA14_64240
PA4858	PA14_64270
PA4859	PA14_64280
PA4860	PA14_64290
PA4861	PA14_64300
PA4862	PA14_64310
PA4863	PA14_64320
PA4864	PA14_64335
PA4865	PA14_64350
PA4866	PA14_64360
PA4867	PA14_64370
PA4868	PA14_64390
PA4869	PA14_64400
PA4870	PA14_64410
PA4871	PA14_64420
PA4872	PA14_64440
PA4873	PA14_64450
PA4874	PA14_64460
PA4875	PA14_64470
PA4876	PA14_64480
PA4877	PA14_64490
PA4878	PA14_64500
PA4879	PA14_64510
PA4880	PA14_64520
PA4881	PA14_64530
PA4882	PA14_64540
PA4883	PA14_64550
PA4884	PA14_64560
PA4885	PA14_64570
PA4886	PA14_64580
PA4887	PA14_64590
PA4888	PA14_64610
PA4889	PA14_64620
PA4890	PA14_64640
PA4891	PA14_64650
PA4892	PA14_64660
PA4893	PA14_64670
PA4894	PA14_64680
PA4895	PA14_64690
PA4896	PA14_64700
PA4897	PA14_64710
PA4898	PA14_64720
PA4899	PA14_64740
PA4900	PA14_64750
PA4901	PA14_64770
PA4902	PA14_64780
PA4903	PA14_64790
PA4904	PA14_64800
PA4905	PA14_64810
PA4906	PA14_64820
PA4907	PA14_64840
PA4908	PA14_64850
PA4909	PA14_64860
PA4910	PA14_64870
PA4911	PA14_64880
PA4912	PA14_64890
PA4913	PA14_64900
PA4914	PA14_64910
PA4915	PA14_64920
PA4916	PA14_64930
PA4917	PA14_64940
PA4918	PA14_64950
PA4919	PA14_64960
PA4920	PA14_64980
PA4921	PA14_64990
PA4922	PA14_65000
PA4923	PA14_65010
PA4924	PA14_65030
PA4925	PA14_65040
PA4926	PA14_65050
PA4927	PA14_65060
PA4928	PA14_65080
PA4929	PA14_65090
PA4930	PA14_65110
PA4931	PA14_65130
PA4932	PA14_65150
PA4933	PA14_65160
PA4934	PA14_65170
PA4935	PA14_65180
PA4936	PA14_65190
PA4937	PA14_65200
PA4938	PA14_65230
PA4939	PA14_65250
PA4940	PA14_65260
PA4941	PA14_65270
PA4942	PA14_65280
PA4943	PA14_65300
PA4944	PA14_65310
PA4945	PA14_65320
PA4946	PA14_65350
PA4947	PA14_65370
PA4948	PA14_65380
PA4949	PA14_65390
PA4950	PA14_65400
PA4951	PA14_65410
PA4952	PA14_65420
PA4953	PA14_65430
PA4954	PA14_65450
PA4955	PA14_65470
PA4956	PA14_65480
PA4957	PA14_65500
PA4958	PA14_65520
PA4959	PA14_65540
PA4960	PA14_65560
PA4961	PA14_65570
PA4962	PA14_65580
PA4963	PA14_65590
PA4964	PA14_65605
PA4965	PA14_65630
PA4966	PA14_65640
PA4967	PA14_65660
PA4968	PA14_65670
PA4969	PA14_65690
PA4970	PA14_65700
PA4971	PA14_65710
PA4972	PA14_65720
PA4973	PA14_65740
PA4974	PA14_65750
PA4975	PA14_65760
PA4976	PA14_65770
PA4977	PA14_65795
PA4978	PA14_65810
PA4979	PA14_65820
PA4980	PA14_65840
PA4981	PA14_65850
PA4982	PA14_65860
PA4983	PA14_65880
PA4984	PA14_65900
PA4985	PA14_65920
PA4986	PA14_65940
PA4987	PA14_65950
PA4988	PA14_65960
PA4989	PA14_65970
PA4990	PA14_65990
PA4991	PA14_66000
PA4992	PA14_66010
PA4993	PA14_66020
PA4994	PA14_66040
PA4995	PA14_66050
PA4996	PA14_66060
PA4997	PA14_66080
PA4998	PA14_66090
PA4999	PA14_66100
PA5000	PA14_66110
PA5001	PA14_66120
PA5002	PA14_66140
PA5003	PA14_66150
PA5004	PA14_66160
PA5005	PA14_66170
PA5006	PA14_66190
PA5007	PA14_66200
PA5008	PA14_66210
PA5009	PA14_66220
PA5010	PA14_66230
PA5011	PA14_66240
PA5012	PA14_66250
PA5013	PA14_66260
PA5014	PA14_66270
PA5015	PA14_66290
PA5016	PA14_66310
PA5017	PA14_66320
PA5018	PA14_66330
PA5019	PA14_66340
PA5020	PA14_66350
PA5021	PA14_66380
PA5022	PA14_66400
PA5023	PA14_66410
PA5024	PA14_66420
PA5025	PA14_66440
PA5026	PA14_66450
PA5027	PA14_66460
PA5028	PA14_66480
PA5029	PA14_66490
PA5030	PA14_66510
PA5031	PA14_66520
PA5032	PA14_66530
PA5033	PA14_66540
PA5034	PA14_66550
PA5035	PA14_66560
PA5036	PA14_66570
PA5037	PA14_66580
PA5038	PA14_66600
PA5039	PA14_66610
PA5040	PA14_66620
PA5041	PA14_66630
PA5042	PA14_66640
PA5043	PA14_66650
PA5044	PA14_66660
PA5045	PA14_66670
PA5046	PA14_66680
PA5047	PA14_66690
PA5048	PA14_66700
PA5049	PA14_66710
PA5050	PA14_66720
PA5051	PA14_66750
PA5052	PA14_66760
PA5053	PA14_66770
PA5054	PA14_66790
PA5055	PA14_66800
PA5056	PA14_66820
PA5057	PA14_66830
PA5058	PA14_66840
PA5059	PA14_66850
PA5061	PA14_66880
PA5062	PA14_66890
PA5063	PA14_66900
PA5064	PA14_66910
PA5065	PA14_66920
PA5066	PA14_66940
PA5067	PA14_66950
PA5068	PA14_66960
PA5069	PA14_66970
PA5070	PA14_66980
PA5071	PA14_66990
PA5072	PA14_67010
PA5073	PA14_67020
PA5074	PA14_67030
PA5075	PA14_67040
PA5076	PA14_67050
PA5077	PA14_67065
PA5078	PA14_67090
PA5079	PA14_67100
PA5080	PA14_67110
PA5081	PA14_67120
PA5082	PA14_67130
PA5083	PA14_67140
PA5084	PA14_67150
PA5085	PA14_67170
PA5087	PA14_67200
PA5088	PA14_67190
PA5089	PA14_67220
PA5090	PA14_67230
PA5091	PA14_67240
PA5092	PA14_67250
PA5093	PA14_67260
PA5094	PA14_67270
PA5095	PA14_67280
PA5096	PA14_67300
PA5097	PA14_67310
PA5098	PA14_67320
PA5099	PA14_67340
PA5100	PA14_67350
PA5101	PA14_67370
PA5102	PA14_67380
PA5103	PA14_67400
PA5104	PA14_67410
PA5105	PA14_67420
PA5106	PA14_67440
PA5107	PA14_67450
PA5108	PA14_67460
PA5109	PA14_67470
PA5110	PA14_67490
PA5111	PA14_67500
PA5112	PA14_67510
PA5113	PA14_67520
PA5114	PA14_67530
PA5115	PA14_67540
PA5116	PA14_67550
PA5117	PA14_67560
PA5118	PA14_67580
PA5119	PA14_67600
PA5120	PA14_67620
PA5121	PA14_67630
PA5122	PA14_67640
PA5123	PA14_67650
PA5124	PA14_67670
PA5125	PA14_67680
PA5126	PA14_67700
PA5127	PA14_67710
PA5128	PA14_67720
PA5129	PA14_67740
PA5130	PA14_67750
PA5131	PA14_67770
PA5132	PA14_67780
PA5133	PA14_67790
PA5134	PA14_67810
PA5135	PA14_67820
PA5136	PA14_67830
PA5137	PA14_67840
PA5138	PA14_67850
PA5139	PA14_67860
PA5140	PA14_67880
PA5141	PA14_67890
PA5142	PA14_67920
PA5143	PA14_67930
PA5144	PA14_67940
PA5145	PA14_67970
PA5146	PA14_67975
PA5147	PA14_67990
PA5148	PA14_68000
PA5150	PA14_68040
PA5151	PA14_68050
PA5152	PA14_68060
PA5153	PA14_68070
PA5154	PA14_68080
PA5155	PA14_68090
PA5156	PA14_68100
PA5157	PA14_68110
PA5158	PA14_68120
PA5159	PA14_68130
PA5160	PA14_68140
PA5161	PA14_68170
PA5162	PA14_68190
PA5163	PA14_68200
PA5164	PA14_68210
PA5165	PA14_68230
PA5166	PA14_68250
PA5167	PA14_68260
PA5168	PA14_68280
PA5169	PA14_68290
PA5170	PA14_68300
PA5171	PA14_68330
PA5172	PA14_68340
PA5173	PA14_68350
PA5174	PA14_68360
PA5175	PA14_68370
PA5176	PA14_68380
PA5177	PA14_68390
PA5178	PA14_68400
PA5179	PA14_68420
PA5180	PA14_68430
PA5181	PA14_68440
PA5182	PA14_68450
PA5183	PA14_68460
PA5183.1	PA14_68470
PA5184	PA14_68480
PA5185	PA14_68490
PA5186	PA14_68500
PA5187	PA14_68510
PA5188	PA14_68530
PA5189	PA14_68550
PA5190	PA14_68560
PA5191	PA14_68570
PA5192	PA14_68580
PA5193	PA14_68610
PA5194	PA14_68620
PA5195	PA14_68630
PA5196	PA14_68640
PA5197	PA14_68660
PA5198	PA14_68670
PA5199	PA14_68680
PA5200	PA14_68700
PA5201	PA14_68710
PA5202	PA14_68720
PA5203	PA14_68730
PA5204	PA14_68740
PA5205	PA14_68750
PA5206	PA14_68770
PA5207	PA14_68780
PA5208	PA14_68800
PA5209	PA14_68810
PA5210	PA14_68820
PA5211	PA14_68830
PA5212	PA14_68840
PA5213	PA14_68850
PA5214	PA14_68860
PA5215	PA14_68870
PA5216	PA14_68890
PA5217	PA14_68900
PA5218	PA14_68920
PA5219	PA14_68930
PA5220	PA14_68940
PA5221	PA14_68955
PA5222	PA14_68970
PA5223	PA14_68980
PA5224	PA14_69000
PA5225	PA14_69010
PA5226	PA14_69020
PA5227	PA14_69030
PA5228	PA14_69040
PA5229	PA14_69050
PA5230	PA14_69060
PA5231	PA14_69070
PA5232	PA14_69090
PA5233	PA14_69100
PA5234	PA14_69110
PA5235	PA14_69130
PA5236	PA14_69140
PA5237	PA14_69150
PA5238	PA14_69170
PA5239	PA14_69190
PA5240	PA14_69200
PA5241	PA14_69220
PA5242	PA14_69230
PA5243	PA14_69240
PA5244	PA14_69250
PA5245	PA14_69260
PA5246	PA14_69270
PA5247	PA14_69280
PA5248	PA14_69300
PA5249	PA14_69310
PA5250	PA14_69320
PA5251	PA14_69330
PA5252	PA14_69340
PA5254	PA14_69380
PA5255	PA14_69390
PA5256	PA14_69400
PA5257	PA14_69420
PA5258	PA14_69430
PA5259	PA14_69440
PA5260	PA14_69450
PA5261	PA14_69470
PA5262	PA14_69480
PA5263	PA14_69500
PA5266	PA14_69550
PA5267	PA14_03240
PA5267	PA14_43070
PA5267	PA14_69560
PA5268	PA14_69570
PA5269	PA14_69580
PA5270	PA14_69590
PA5271	PA14_69600
PA5272	PA14_69610
PA5273	PA14_69620
PA5274	PA14_69630
PA5275	PA14_69640
PA5276	PA14_69660
PA5277	PA14_69670
PA5278	PA14_69690
PA5279	PA14_69700
PA5280	PA14_69710
PA5281	PA14_69720
PA5282	PA14_69740
PA5283	PA14_69750
PA5284	PA14_69760
PA5285	PA14_69770
PA5286	PA14_69780
PA5287	PA14_69795
PA5288	PA14_69810
PA5289	PA14_69820
PA5290	PA14_69840
PA5291	PA14_69850
PA5292	PA14_69870
PA5293	PA14_69880
PA5294	PA14_69890
PA5295	PA14_69900
PA5296	PA14_69910
PA5297	PA14_69925
PA5298	PA14_69940
PA5299	PA14_69950
PA5300	PA14_69970
PA5301	PA14_69980
PA5302	PA14_69990
PA5303	PA14_70010
PA5304	PA14_70040
PA5305	PA14_70050
PA5306	PA14_70060
PA5307	PA14_70070
PA5308	PA14_70080
PA5309	PA14_70100
PA5310	PA14_70110
PA5311	PA14_70120
PA5312	PA14_70140
PA5313	PA14_70160
PA5314	PA14_70170
PA5315	PA14_70180
PA5316	PA14_70190
PA5317	PA14_70200
PA5318	PA14_70220
PA5319	PA14_70230
PA5320	PA14_70240
PA5321	PA14_70260
PA5322	PA14_70270
PA5323	PA14_70280
PA5324	PA14_70290
PA5325	PA14_70300
PA5326	PA14_70310
PA5327	PA14_70330
PA5328	PA14_70340
PA5329	PA14_70350
PA5330	PA14_70360
PA5331	PA14_70370
PA5332	PA14_70390
PA5333	PA14_70400
PA5334	PA14_70420
PA5335	PA14_70430
PA5336	PA14_70440
PA5337	PA14_70450
PA5338	PA14_70470
PA5339	PA14_70480
PA5340	PA14_70490
PA5341	PA14_70510
PA5342	PA14_70530
PA5343	PA14_70550
PA5344	PA14_70560
PA5345	PA14_70570
PA5346	PA14_70580
PA5347	PA14_70590
PA5348	PA14_70600
PA5349	PA14_70620
PA5350	PA14_70630
PA5351	PA14_70640
PA5352	PA14_70650
PA5353	PA14_70670
PA5354	PA14_70680
PA5355	PA14_70690
PA5356	PA14_70710
PA5357	PA14_70720
PA5358	PA14_70730
PA5359	PA14_70740
PA5360	PA14_70750
PA5361	PA14_70760
PA5362	PA14_70770
PA5363	PA14_70780
PA5364	PA14_70790
PA5365	PA14_70800
PA5366	PA14_70810
PA5367	PA14_70830
PA5368	PA14_70850
PA5369	PA14_70860
PA5370	PA14_70920
PA5371	PA14_70930
PA5372	PA14_70940
PA5373	PA14_70950
PA5374	PA14_70970
PA5375	PA14_70980
PA5376	PA14_71000
PA5377	PA14_71020
PA5378	PA14_71030
PA5379	PA14_71060
PA5380	PA14_71070
PA5381	PA14_71080
PA5382	PA14_71090
PA5383	PA14_71100
PA5384	PA14_71110
PA5385	PA14_71120
PA5386	PA14_71140
PA5387	PA14_71150
PA5388	PA14_71160
PA5389	PA14_71170
PA5390	PA14_71180
PA5391	PA14_71190
PA5392	PA14_71200
PA5393	PA14_71210
PA5394	PA14_71220
PA5395	PA14_71230
PA5396	PA14_71240
PA5397	PA14_71250
PA5398	PA14_71260
PA5399	PA14_71280
PA5400	PA14_71300
PA5401	PA14_71310
PA5402	PA14_71320
PA5403	PA14_71330
PA5404	PA14_71340
PA5405	PA14_71350
PA5406	PA14_71360
PA5407	PA14_71370
PA5408	PA14_71380
PA5409	PA14_71390
PA5410	PA14_71410
PA5411	PA14_71420
PA5412	PA14_71430
PA5413	PA14_71440
PA5414	PA14_71450
PA5415	PA14_71460
PA5416	PA14_71470
PA5417	PA14_71490
PA5418	PA14_71500
PA5419	PA14_71510
PA5420	PA14_71530
PA5421	PA14_71560
PA5422	PA14_71570
PA5423	PA14_71580
PA5424	PA14_71590
PA5425	PA14_71600
PA5426	PA14_71620
PA5427	PA14_71630
PA5428	PA14_71640
PA5429	PA14_71650
PA5430	PA14_71670
PA5431	PA14_71680
PA5432	PA14_71690
PA5433	PA14_71700
PA5434	PA14_71710
PA5435	PA14_71720
PA5436	PA14_71740
PA5437	PA14_71750
PA5438	PA14_71780
PA5439	PA14_71800
PA5440	PA14_71820
PA5441	PA14_71840
PA5442	PA14_71850
PA5443	PA14_71870
PA5444	PA14_71880
PA5445	PA14_71890
PA5446	PA14_71900
PA5447	PA14_71910
PA5448	PA14_71920
PA5449	PA14_71930
PA5450	PA14_71940
PA5451	PA14_71960
PA5452	PA14_71970
PA5453	PA14_71990
PA5454	PA14_72000
PA5455	PA14_72010
PA5456	PA14_72020
PA5457	PA14_72030
PA5458	PA14_72040
PA5459	PA14_72050
PA5460	PA14_72060
PA5461	PA14_72070
PA5462	PA14_72080
PA5463	PA14_72090
PA5464	PA14_72110
PA5465	PA14_72130
PA5466	PA14_72140
PA5467	PA14_72150
PA5468	PA14_72170
PA5469	PA14_72180
PA5470	PA14_72200
PA5471	PA14_72210
PA5472	PA14_72220
PA5473	PA14_72230
PA5474	PA14_72250
PA5475	PA14_72260
PA5476	PA14_72280
PA5477	PA14_72300
PA5478	PA14_72320
PA5479	PA14_72340
PA5483	PA14_72380
PA5487	PA14_72420
PA5488	PA14_72430
PA5490	PA14_72460
PA5491	PA14_72470
PA5492	PA14_72480
PA5493	PA14_72490
PA5494	PA14_72500
PA5497	PA14_72540
PA5498	PA14_72550
PA5499	PA14_72560
PA5500	PA14_72580
PA5502	PA14_72600
PA5508	PA14_72690
PA5511	PA14_72720
PA5512	PA14_72740
PA5513	PA14_72750
PA5514	PA14_72760
PA5515	PA14_72770
PA5516	PA14_72780
PA5518	PA14_72800
PA5519	PA14_72810
PA5522	PA14_72850
PA5523	PA14_72870
PA5528	PA14_72930
PA5531	PA14_72970
PA5532	PA14_72980
PA5534	PA14_73000
PA5537	PA14_73030
PA5539	PA14_73050
PA5546	PA14_73140
PA5549	PA14_73170
PA5550	PA14_73190
PA5551	PA14_73200
PA5552	PA14_73220
PA5553	PA14_73230
PA5554	PA14_73240
PA5556	PA14_73260
PA5561	PA14_73320
PA5563	PA14_73350
PA5564	PA14_73360
PA5566	PA14_73390
PA5567	PA14_73400
